Nome,Artista,Genero,Tonalidade
#SELFIE - Original Mix;The Chainsmokers;pop, Dance/Electronic;C
#thatPOWER;will.i.am;hip hop, pop;F#
'Till I Collapse;Eminem;hip hop;C#
(When You Gonna) Give It Up to Me (feat. Keyshia Cole) - Radio Version;Sean Paul;hip hop, pop;Ab
...Ready For It?;Taylor Swift;pop;D
03' Bonnie & Clyde;JAY-Z;hip hop;A
1 Thing;Amerie;hip hop, pop, R&B;Bb
1, 2 Step (feat. Missy Elliott) - Main;Ciara;pop, R&B;F
1, 2, 3 (feat. Jason Derulo & De La Ghetto);Sofía Reyes;pop, latin;C#
17;MK;pop, Dance/Electronic;C
1955;Hilltop Hoods;hip hop, pop;B
1973;James Blunt;pop;A
2 On (feat. ScHoolboy Q);Tinashe;hip hop, pop, R&B, Dance/Electronic;A
2 Phones;Kevin Gates;hip hop, pop;G
2002;Anne-Marie;pop, Dance/Electronic;C#
21 Guns;Green Day;rock;F
21 Questions;50 Cent;hip hop, pop;F#
21 Seconds;So Solid Crew;Dance/Electronic;C#
212;Azealia Banks;hip hop, pop, R&B;B
22;Taylor Swift;pop;G
24K Magic;Bruno Mars;pop;C#
2U (feat. Justin Bieber);David Guetta;hip hop, pop, Dance/Electronic;Ab
3 Nights;Dominic Fike;rock, pop;G
3005;Childish Gambino;hip hop;F#
4 Minutes (feat. Justin Timberlake & Timbaland);Madonna;pop;D
4 My People (feat. Eve);Missy Elliott;hip hop, pop, R&B;C#
6 Foot 7 Foot;Lil Wayne;hip hop, pop;D
679 (feat. Remy Boyz);Fetty Wap;hip hop, pop;G
7 Days;Craig David;hip hop, pop, R&B;E
7 rings;Ariana Grande;pop;C#
7/11;Beyoncé;pop, R&B;A
A Little Less Conversation - JXL Radio Edit Remix;Elvis Presley;rock, easy listening;E
A Milli;Lil Wayne;hip hop, pop;F#
A Moment Like This;Leona Lewis;pop, R&B;Ab
A New Day Has Come - Radio Remix;Céline Dion;pop;F#
A Sky Full of Stars;Coldplay;rock, pop;F#
A Thousand Miles;Vanessa Carlton;Folk/Acoustic, pop;B
A Thousand Years;Christina Perri;pop;Bb
A Woman's Worth;Alicia Keys;pop, R&B;E
AM To PM;Christina Milian;hip hop, pop, R&B;Bb
About You Now;Sugababes;pop, R&B;C#
Acceptable in the 80's;Calvin Harris;hip hop, pop, Dance/Electronic;G
Adan y Eva;Paulo Londra;hip hop, latin, Dance/Electronic;C#
Addicted;Saving Abel;rock, metal;G
Addictive;Truth Hurts;pop, R&B;B
Adventure of a Lifetime;Coldplay;rock, pop;G
Again;Lenny Kravitz;rock, pop;D
Against All Odds (Take A Look at Me Now) (feat. Westlife);Mariah Carey;pop, R&B;C#
Ai Se Eu Te Pego - Live;Michel Teló;country, latin;B
Ain't It Funny;Jennifer Lopez;hip hop, pop, R&B;F
Ain't My Fault;Zara Larsson;pop, Dance/Electronic;F#
Ain't No Other Man;Christina Aguilera;pop;G
Ain't Nobody (Loves Me Better) (feat. Jasmine Thompson);Felix Jaehn;hip hop, pop, Dance/Electronic;D
Air Force Ones;Nelly;hip hop, pop, R&B;E
Airplanes (feat. Hayley Williams of Paramore);B.o.B;hip hop, pop;F#
Alarm;Anne-Marie;pop, Dance/Electronic;C
Alejandro;Lady Gaga;pop;B
All About That Bass;Meghan Trainor;pop;A
All Day And Night;Jax Jones;hip hop, pop, Dance/Electronic;C#
All Eyes on You (feat. Chris Brown & Nicki Minaj);Meek Mill;hip hop, pop;B
All Falls Down;Kanye West;hip hop;Ab
All For You;Janet Jackson;pop, R&B;D
All I Do Is Win (feat. T-Pain, Ludacris, Snoop Dogg & Rick Ross);DJ Khaled;hip hop, pop;Bb
All I Ever Wanted - Radio Edit;Basshunter;pop;E
All I Have (feat. LL Cool J);Jennifer Lopez;hip hop, pop, R&B;C#
All I Want - Sunship Radio Edit;Mis-Teeq;pop, Dance/Electronic;A
All In My Head (Flex) (feat. Fetty Wap);Fifth Harmony;pop;C
All Night;The Vamps;pop;Ab
All Of The Lights;Kanye West;hip hop;C#
All Rise;Blue;pop;F
All The Right Moves;OneRepublic;pop;C
All The Small Things;blink-182;rock, pop;C
All The Stars (with SZA);Kendrick Lamar;hip hop;Ab
All The Things She Said;t.A.T.u.;pop;F
All Time Low;The Wanted;pop, Dance/Electronic;Ab
All Time Low;Jon Bellion;hip hop, pop;C
All You Wanted;Michelle Branch;pop, Folk/Acoustic;Ab
All of Me;John Legend;pop, R&B;Ab
Almost Here;Brian McFadden;set();A
Alone;Marshmello;pop, Dance/Electronic;D
Alors on danse - Radio Edit;Stromae;pop;C#
Already Gone;Kelly Clarkson;pop, R&B;A
Always On Time;Ja Rule;hip hop, pop, R&B;F
Am I Wrong;Nico & Vinz;hip hop, pop;Ab
Amazing;George Michael;set();Bb
America;Razorlight;rock, pop;D
American Boy;Estelle;R&B;C
American Idiot;Green Day;rock;C#
American Pie;Madonna;pop;F
Anaconda;Nicki Minaj;hip hop, pop;A
Angel;Amanda Perez;pop, R&B;C
Animal;Neon Trees;rock, pop;F
Animals;Maroon 5;pop;E
Animals - Radio Edit;Martin Garrix;pop, Dance/Electronic;C#
Another Chance;Roger Sanchez;Dance/Electronic;Eb
Another Day in Paradise - R&B-Version;Brandy;hip hop, pop, R&B;F#
Another Love;Tom Odell;pop;E
Another Way to Die;Jack White;rock, blues;E
Answerphone (feat. Yxng Bane);Banx & Ranx;Dance/Electronic;C#
Antidote;Travis Scott;hip hop, Dance/Electronic;C#
Antisocial (with Travis Scott);Ed Sheeran;pop;F
Anyone of Us (Stupid Mistake);Gareth Gates;pop;C#
Anywhere;Rita Ora;hip hop, pop, Dance/Electronic;B
Apologize;Timbaland;hip hop, pop, R&B;Ab
Are You With Me - Radio Edit;Lost Frequencies;pop, Dance/Electronic;F
As Good As I Once Was;Toby Keith;country;F
As Long As You Love Me;Justin Bieber;pop;C
Ass Back Home (feat. Neon Hitch);Gym Class Heroes;hip hop, pop;Bb
Ass Like That;Eminem;hip hop;D
Attention;Charlie Puth;pop;Eb
Axel F;Crazy Frog;pop;D
Ayo;Chris Brown;hip hop, pop, R&B;F#
Ayo Technology;50 Cent;hip hop, pop;Ab
BIG BANK (feat. 2 Chainz, Big Sean, Nicki Minaj);YG;hip hop, pop;C#
BURN IT DOWN;Linkin Park;rock, metal;A
BUTTERFLY EFFECT;Travis Scott;hip hop, Dance/Electronic;B
Baby;Ashanti;hip hop, pop, R&B;E
Baby;Justin Bieber;pop;F
Baby Boy (feat. Sean Paul);Beyoncé;pop, R&B;C#
Baby, I'm Back;Baby Bash;hip hop, pop, R&B, latin;A
Back To Black;Amy Winehouse;R&B;G
Back To December;Taylor Swift;pop;D
Bad (feat. Rihanna) - Remix;Wale;hip hop, pop, R&B;F#
Bad (feat. Vassy) - Radio Edit;David Guetta;hip hop, pop, Dance/Electronic;F
Bad At Love;Halsey;pop, Dance/Electronic;C
Bad Blood;Taylor Swift;pop;G
Bad Blood;Taylor Swift;pop;B
Bad Boys (feat. Flo Rida);Alexandra Burke;pop;C#
Bad Day;Daniel Powter;pop;Eb
Bad Romance;Lady Gaga;pop;C
Bad Romance;Lady Gaga;pop;C
Bad Vibe;M.O;pop, Dance/Electronic;Bb
Bad and Boujee (feat. Lil Uzi Vert);Migos;hip hop, pop;B
Bag Lady;Erykah Badu;hip hop, R&B;F
Bailando - Spanish Version;Enrique Iglesias;pop, latin;G
Bananza (Belly Dancer);Akon;pop;Bb
Bang Bang;Jessie J;hip hop, pop;C
Bang My Head (feat. Sia & Fetty Wap);David Guetta;hip hop, pop, Dance/Electronic;C
Bangarang (feat. Sirah);Skrillex;hip hop, pop, Dance/Electronic;G
Bank Account;21 Savage;hip hop;Ab
Barbra Streisand - Radio Edit;Duck Sauce;Dance/Electronic;C#
Bartender (feat. Akon);T-Pain;hip hop, pop, R&B;Ab
Battle Scars (feat. Lupe Fiasco);Guy Sebastian;pop;F
Battlefield;Jordin Sparks;pop, R&B;D
Be Alright;Dean Lewis;pop;B
Be Faithful;Fatman Scoop;hip hop;G
Be With You;Enrique Iglesias;pop, latin;C#
Be Without You - Kendu Mix;Mary J. Blige;pop, R&B;D
Beat Again - Radio Edit;JLS;pop;B
Beautiful;Snoop Dogg;hip hop, pop;B
Beautiful;Akon;pop;C
Beautiful Girls;Sean Kingston;hip hop, pop, R&B;C#
Beautiful Liar;Beyoncé;pop, R&B;Ab
Beautiful Monster;Ne-Yo;pop, R&B;F
Beautiful People;Chris Brown;hip hop, pop, R&B;F
Beauty And A Beat;Justin Bieber;pop;C
Because I Got High;Afroman;hip hop;G
Because Of You;Ne-Yo;pop, R&B;C
Because of You;Kelly Clarkson;pop, R&B;F
Bed;J. Holiday;hip hop, pop, R&B, Dance/Electronic;F
Bed Of Lies;Nicki Minaj;hip hop, pop;B
BedRock;Young Money;hip hop, pop;Ab
Beep;The Pussycat Dolls;pop, R&B;G
Before He Cheats;Carrie Underwood;pop, country;F#
Beggin (original version);Madcon;hip hop, pop;E
Behind Blue Eyes;Limp Bizkit;metal;G
Behind These Hazel Eyes;Kelly Clarkson;pop, R&B;A
Believer;Imagine Dragons;rock;Bb
Bent;Matchbox Twenty;pop, rock;F#
Berzerk;Eminem;hip hop;B
Best I Ever Had;Drake;hip hop, pop, R&B;F
Best Song Ever;One Direction;pop;C#
Best Thing I Never Had;Beyoncé;pop, R&B;F#
Best of You;Foo Fighters;rock, metal;C#
Better;Khalid;pop, R&B;C
Better Now;Post Malone;hip hop;Bb
Better Now;Post Malone;hip hop;Bb
Better Off Alone;Alice Deejay;pop;Ab
Better Than Me;Hinder;pop, rock, metal;D
Better in Time;Leona Lewis;pop, R&B;F#
Big Girls Don't Cry (Personal);Fergie;pop, R&B;G
Big Green Tractor;Jason Aldean;country;E
Big Pimpin';JAY-Z;hip hop;B
Big Yellow Taxi;Counting Crows;rock, pop;Ab
Billionaire (feat. Bruno Mars);Travie McCoy;hip hop, pop;F#
Birthday Sex;Jeremih;hip hop, pop, R&B;G
Bitch Better Have My Money;Rihanna;hip hop, pop, R&B;C#
Black & Gold - Radio Edit;Sam Sparro;pop, Dance/Electronic;E
Black Beatles;Rae Sremmurd;hip hop, pop;C
Black Betty - Edit;Spiderbait;rock;G
Black Horse And The Cherry Tree;KT Tunstall;World/Traditional, pop, Folk/Acoustic;E
Black Magic;Little Mix;pop;E
Black Skinhead;Kanye West;hip hop;C#
Black Widow;Iggy Azalea;hip hop, pop;B
Black and Yellow;Wiz Khalifa;hip hop, pop;D
Blah Blah Blah (feat. 3OH!3);Kesha;pop, Dance/Electronic;Bb
Blame (feat. John Newman);Calvin Harris;hip hop, pop, Dance/Electronic;C
Blame It;Jamie Foxx;hip hop, pop, R&B;G
Blank Space;Taylor Swift;pop;F
Bleed It Out;Linkin Park;rock, metal;C#
Bleeding Love;Leona Lewis;pop, R&B;F
Blind Faith;Chase & Status;Dance/Electronic;A
Blow;Kesha;pop, Dance/Electronic;B
Blown Away;Carrie Underwood;pop, country;A
Blurred Lines;Robin Thicke;pop, R&B;G
Blurry;Puddle Of Mudd;rock, metal;Eb
Boasty (feat. Idris Elba);Wiley;hip hop, Dance/Electronic;D
Bodak Yellow;Cardi B;hip hop, pop;B
Bodak Yellow;Cardi B;hip hop, pop;B
Body (feat. brando);Loud Luxury;pop, Dance/Electronic;C#
Body Party;Ciara;pop, R&B;D
Bonfire Heart;James Blunt;pop;C
Bonkers;Dizzee Rascal;hip hop, pop, Dance/Electronic;B
Boom Boom Pow;Black Eyed Peas;hip hop, pop;A
Boom Clap;Charli XCX;pop, Dance/Electronic;E
Bootylicious;Destiny's Child;pop, R&B;C#
Bored;Billie Eilish;pop, Dance/Electronic;G
Born This Way;Lady Gaga;pop;B
Born To Die;Lana Del Rey;pop;E
Born to Make You Happy;Britney Spears;pop;B
Born to Try;Delta Goodrem;pop;Ab
Bossy;Kelis;pop, R&B, Dance/Electronic;E
Bottoms Up (feat. Nicki Minaj);Trey Songz;hip hop, pop, R&B;C#
Boulevard of Broken Dreams;Green Day;rock;Ab
Bounce (feat. Kelis) - Radio Edit;Calvin Harris;hip hop, pop, Dance/Electronic;D
Bounce Back;Big Sean;hip hop, pop;C#
Bounce With Me (feat. Xscape) - Edited Album Version;Bow Wow;hip hop, pop, R&B;Ab
Boy With Luv (feat. Halsey);BTS;pop;B
Boyfriend;Justin Bieber;pop;Bb
Break Free;Ariana Grande;pop;G
Break Up;Mario;pop, R&B;C
Break Your Heart;Taio Cruz;hip hop, pop;Eb
Break the Ice;Britney Spears;pop;F
Breaking the Habit;Linkin Park;rock, metal;E
Breathe;Jax Jones;hip hop, pop, Dance/Electronic;B
Breathe;Jax Jones;hip hop, pop, Dance/Electronic;B
Breathe;Faith Hill;pop, country;G
Breathless;The Corrs;pop, Folk/Acoustic;B
Breezeblocks;alt-J;rock;F
Brianstorm;Arctic Monkeys;rock;C#
Bring Em Out;T.I.;hip hop, pop;B
Bring Me To Life;Evanescence;metal;E
Broken Strings;James Morrison;pop, R&B;C#
Broken Strings;James Morrison;pop, R&B;C#
Bulletproof;La Roux;pop, Dance/Electronic;Eb
Bump, Bump, Bump (feat. P. Diddy);B2K;hip hop, pop, R&B;C#
Burn;Ellie Goulding;pop, rock, Dance/Electronic;C#
Burn;Ellie Goulding;pop, rock, Dance/Electronic;C#
Burnin' Up;Jonas Brothers;pop;D
Bust It Baby, Pt. 2 (feat. Ne-Yo);Plies;hip hop, pop, R&B;F
Butterfly;Crazy Town;rock, metal;A
Buttons;The Pussycat Dolls;pop, R&B;D
Buy U a Drank (Shawty Snappin') (feat. Yung Joc);T-Pain;hip hop, pop, R&B;C#
Buzzin Remix;Mann;hip hop, pop;Bb
By the Way;Red Hot Chili Peppers;rock;C
Bye Bye Bye;*NSYNC;pop;Ab
C'Mon;Kesha;pop, Dance/Electronic;C#
CAN'T STOP THE FEELING! (from DreamWorks Animation's "TROLLS");Justin Timberlake;pop;C
Cake By The Ocean;DNCE;pop;E
California Gurls;Katy Perry;pop;C
Call Me Maybe;Carly Rae Jepsen;pop, Dance/Electronic;G
Call Me When You're Sober;Evanescence;metal;G
Call Out My Name;The Weeknd;pop, R&B;C#
Call on Me - Radio Mix;Eric Prydz;pop, Dance/Electronic;Bb
Call on Me - Ryan Riback Remix;Starley;pop, Dance/Electronic;C
Callaita;Bad Bunny;latin;D
Calma - Remix;Pedro Capó;pop, latin;B
Can't Be Tamed;Miley Cyrus;pop;B
Can't Believe It (feat. Lil' Wayne);T-Pain;hip hop, pop, R&B;Bb
Can't Feel My Face;The Weeknd;pop, R&B;A
Can't Fight The Moonlight;LeAnn Rimes;pop, country;F#
Can't Get You out of My Head;Kylie Minogue;pop, Dance/Electronic;A
Can't Help but Wait;Trey Songz;hip hop, pop, R&B;Ab
Can't Hold Us (feat. Ray Dalton);Macklemore & Ryan Lewis;hip hop, pop;D
Can't Hold Us Down (feat. Lil' Kim);Christina Aguilera;pop;Ab
Can't Let You Go (feat. Mike Shorey & Lil' Mo);Fabolous;hip hop, pop, R&B;A
Can't Stop;Red Hot Chili Peppers;rock;A
Can't Tell Me Nothing;Kanye West;hip hop;F
Candy;Robbie Williams;pop, rock;Bb
Candy Shop;50 Cent;hip hop, pop;B
Candyman;Christina Aguilera;pop;Ab
Carry Out (Featuring Justin Timberlake);Timbaland;hip hop, pop, R&B;Bb
Case Of The Ex (Whatcha Gonna Do);Mýa;pop, R&B;C#
Cater 2 U;Destiny's Child;pop, R&B;B
Caught Up;Usher;hip hop, pop, R&B;F#
Caught in the Middle;A1;pop;F
Centuries;Fall Out Boy;rock;E
Cha Cha Slide - Hardino Mix;DJ Casper;set();B
Chain Hang Low;Jibbs;hip hop, pop;E
Chained To The Rhythm;Katy Perry;pop;C
Champion (feat. Chris Brown);Chip;hip hop, Dance/Electronic;F#
Chandelier;Sia;pop;C#
Changed the Way You Kiss Me - Radio Edit;Example;pop, Dance/Electronic;E
Chasing Pavements;Adele;pop, R&B;F
Chasing The Sun;The Wanted;pop, Dance/Electronic;G
Cheap Thrills (feat. Sean Paul);Sia;pop;F#
Check On It (feat. Slim Thug);Beyoncé;pop, R&B;G
Chelsea Dagger;The Fratellis;rock;G
Chill Bill (feat. J. Davi$ & Spooks);Rob $tone;hip hop;F#
Chill Bill (feat. J. Davi$ & Spooks);Rob $tone;hip hop;F#
China;Anuel AA;latin;G
Ciao Adios;Anne-Marie;pop, Dance/Electronic;E
Circles;Post Malone;hip hop;C
Circus;Britney Spears;pop;F#
Clarity;Zedd;hip hop, pop, Dance/Electronic;Ab
Classic;MKTO;hip hop, pop;C#
Cleanin' Out My Closet;Eminem;hip hop;A
Clint Eastwood;Gorillaz;hip hop;Bb
Clocks;Coldplay;rock, pop;F
Clocks;Coldplay;rock, pop;F
Close;Nick Jonas;pop;F#
Closer;The Chainsmokers;pop, Dance/Electronic;Ab
Closer;Lemaitre;pop;D
Closer;Ne-Yo;pop, R&B;E
Clout (feat. Cardi B);Offset;hip hop, pop;C#
Club Can't Handle Me (feat. David Guetta);Flo Rida;hip hop, pop;C
Clumsy;Fergie;pop, R&B;D
CoCo;O.T. Genasis;hip hop, pop;Ab
Cold (feat. Future);Maroon 5;pop;A
Cold Water (feat. Justin Bieber & MØ);Major Lazer;hip hop, pop, Dance/Electronic;F#
Cold as Ice;M.O.P.;hip hop;B
Collard Greens;ScHoolboy Q;hip hop, pop;B
Come & Get It;Selena Gomez;pop;G
Come With Me - Radio Edit;Special D.;pop;G
Come on over Baby (All I Want Is You) - Radio Version;Christina Aguilera;pop;Ab
Come to Me (feat. Nicole Scherzinger);Diddy;hip hop, pop;F#
Comfortably Numb;Scissor Sisters;pop, rock, Dance/Electronic;G
Coming Home;Diddy - Dirty Money;hip hop, pop, R&B;G
Commander;Kelly Rowland;hip hop, pop, R&B;B
Complicated;Avril Lavigne;pop;F
Con Calma;Daddy Yankee;latin;Ab
Confident;Demi Lovato;pop;Eb
Congratulations;Post Malone;hip hop;F#
Control Myself;LL Cool J;hip hop, pop, R&B;Bb
Cookie Jar (feat. The-Dream);Gym Class Heroes;hip hop, pop;F
Cool;Gwen Stefani;pop, R&B;D
Cool Girl;Tove Lo;pop, Dance/Electronic;A
Cool Kids;Echosmith;pop;Ab
Cool for the Summer;Demi Lovato;pop;F
Cooler Than Me - Single Mix;Mike Posner;hip hop, pop, Dance/Electronic;G
Corazón (feat. Nego do Borel);Maluma;latin;A
Counting Stars;OneRepublic;pop;C#
Country Grammar (Hot Shit);Nelly;hip hop, pop, R&B;D
Crack A Bottle;Eminem;hip hop;A
Crank That (Soulja Boy);Soulja Boy;hip hop, pop;C
Crank That (Soulja Boy);Soulja Boy;hip hop, pop;C
Crash and Burn;Savage Garden;pop;E
Crazy;K-Ci & JoJo;pop, R&B;C
Crazy;Gnarls Barkley;hip hop, R&B;Ab
Crazy In Love (feat. Jay-Z);Beyoncé;pop, R&B;D
Criminal;Natti Natasha;pop, latin;D
Cross Me (feat. Chance the Rapper & PnB Rock);Ed Sheeran;pop;E
Crossroads - Radio Edit;Blazin' Squad;set();E
Cruel Summer;Taylor Swift;pop;A
Cruise;Florida Georgia Line;country;Bb
Crush;David Archuleta;pop;C
Cry Me a River;Justin Timberlake;pop;Ab
Cry for You;September;pop, Dance/Electronic;A
Cry for You;September;pop, Dance/Electronic;A
Cupid's Chokehold / Breakfast in America - Radio Mix;Gym Class Heroes;hip hop, pop;C#
DARE;Gorillaz;hip hop;B
DJ Got Us Fallin' In Love (feat. Pitbull);Usher;hip hop, pop, R&B;G
DNA.;Kendrick Lamar;hip hop;C
DONTTRUSTME;3OH!3;hip hop, pop, rock;F
DUELE EL CORAZON (feat. Wisin);Enrique Iglesias;pop, latin;Ab
Daddy Issues;The Neighbourhood;rock, pop;Bb
Dakota;Stereophonics;rock, pop;E
Damaged;Danity Kane;pop, R&B;Ab
Damn! (feat. Lil' Jon) - Club Mix;Youngbloodz;hip hop, pop;F#
Dance Again;Jennifer Lopez;hip hop, pop, R&B;B
Dance Monkey;Tones And I;pop;F#
Dance Wiv Me - Radio Edit;Dizzee Rascal;hip hop, pop, Dance/Electronic;B
Dance with Me;Debelah Morgan;pop, R&B;G
Dance, Dance;Fall Out Boy;rock;B
Dancing On My Own;Robyn;pop, Dance/Electronic;F#
Dancing With A Stranger (with Normani);Sam Smith;pop;Ab
Danger! High Voltage - Soulchild Radio Mix;Electric Six;rock;B
Dangerous;Kardinal Offishall;hip hop, pop, R&B;Ab
Dangerous Woman;Ariana Grande;pop;G
Dangerously;Charlie Puth;pop;D
Dani California;Red Hot Chili Peppers;rock;C
Danza Kuduro (feat. Don Omar);Lucenzo;latin;G
Dark Horse;Katy Perry;pop;F#
Day 'N' Nite (Nightmare);Kid Cudi;hip hop;B
Daylight;Maroon 5;pop;G
Days Go By;Dirty Vegas;Dance/Electronic;A
Dead And Gone;T.I.;hip hop, pop;C
Dear Darlin';Olly Murs;pop, Dance/Electronic;B
Dear Maria, Count Me In;All Time Low;rock;D
Deja Vu (feat. Jay-Z);Beyoncé;pop, R&B;G
Demons;Imagine Dragons;rock;Eb
Desert Rose;Sting;rock, pop;C
Despacito (Featuring Daddy Yankee);Luis Fonsi;pop, latin;D
Destination Calabria - Radio Edit;Alex Gaudino;Dance/Electronic;D
Deuces (feat. Tyga & Kevin McCall);Chris Brown;hip hop, pop, R&B;C#
Diamonds;Rihanna;hip hop, pop, R&B;B
Diamonds From Sierra Leone - Remix;Kanye West;hip hop;G
Diary (feat. Tony! Toni! Tone! & Jermaine Paul);Alicia Keys;pop, R&B;Ab
Die Another Day;Madonna;pop;C
Die Young;Kesha;pop, Dance/Electronic;C#
Differences;Ginuwine;hip hop, pop, R&B;Eb
Dilemma;Nelly;hip hop, pop, R&B;D
Dip It Low;Christina Milian;hip hop, pop, R&B;B
Dirrty (feat. Redman);Christina Aguilera;pop;D
Dirt Off Your Shoulder;JAY-Z;hip hop;C#
Dirt Road Anthem;Jason Aldean;country;D
Dirty Little Secret;The All-American Rejects;rock, pop;Bb
Dirty Little Secret;The All-American Rejects;rock, pop;Bb
Disco Inferno;50 Cent;hip hop, pop;Eb
Disturbia;Rihanna;hip hop, pop, R&B;B
Do I Wanna Know?;Arctic Monkeys;rock;F
Do It Again;Pia Mia;pop, R&B;Ab
Do It Like A Dude;Jessie J;hip hop, pop;D
Do It To It;Cherish;hip hop, pop, R&B;D
Do You Know? (The Ping Pong Song);Enrique Iglesias;pop, latin;Ab
Do You Really Like It? - Radio Edit;DJ Pied Piper & The Masters Of Ceremonies;Dance/Electronic;D
Do You Remember;Jay Sean;hip hop, pop, R&B;B
Do You Want To;Franz Ferdinand;rock;C
Doesn't Really Matter;Janet Jackson;pop, R&B;F
Doin' Time;Lana Del Rey;pop;G
Domino;Jessie J;hip hop, pop;G
Don't;Ed Sheeran;pop;C#
Don't;Bryson Tiller;hip hop, pop, R&B;B
Don't;Bryson Tiller;hip hop, pop, R&B;B
Don't Call Me Baby;Madison Avenue;Dance/Electronic;Eb
Don't Call Me Up;Mabel;pop, Dance/Electronic;A
Don't Cha;The Pussycat Dolls;pop, R&B;C#
Don't Forget About Us - Radio Edit;Mariah Carey;pop, R&B;Bb
Don't Give Up;Chicane;Dance/Electronic;Bb
Don't Hold Your Breath;Nicole Scherzinger;pop, Dance/Electronic;F
Don't Let Me Down;The Chainsmokers;pop, Dance/Electronic;B
Don't Let Me Get Me - Radio Edit;P!nk;pop;C
Don't Lie;Black Eyed Peas;hip hop, pop;A
Don't Love You No More (I'm Sorry);Craig David;hip hop, pop, R&B;G
Don't Matter;Akon;pop;D
Don't Mind;Kent Jones;hip hop;Ab
Don't Phunk With My Heart;Black Eyed Peas;hip hop, pop;F
Don't Start Now;Dua Lipa;pop;B
Don't Stop Movin';S Club 7;pop;G
Don't Stop The Music;Rihanna;hip hop, pop, R&B;F#
Don't Stop the Party (feat. TJR);Pitbull;hip hop, pop, latin;E
Don't Tell 'Em;Jeremih;hip hop, pop, R&B;D
Don't Tell Me;Madonna;pop;G
Don't Tell Me;Avril Lavigne;pop;E
Don't Think I'm Not;Kandi;pop, R&B;B
Don't Wake Me Up;Chris Brown;hip hop, pop, R&B;G
Don't Wanna Go Home;Jason Derulo;hip hop, pop;D
Don't Wanna Know (feat. Kendrick Lamar);Maroon 5;pop;G
Don't Wanna Try;Frankie J;hip hop, pop, R&B;F
Don't You Worry Child - Radio Edit;Swedish House Mafia;pop, Dance/Electronic;B
Donald Trump;Mac Miller;hip hop;C#
Done for Me (feat. Kehlani);Charlie Puth;pop;F#
Down;Jay Sean;hip hop, pop, R&B;D
Down;Jay Sean;hip hop, pop, R&B;D
Down 4 U;Charli Baltimore;pop;G
Down On Me;Jeremih;hip hop, pop, R&B;D
Down With The Trumpets;Rizzle Kicks;hip hop;E
Drag Me Down;One Direction;pop;C
Dragostea Din Tei;O-Zone;pop;C
Drinking from the Bottle (feat. Tinie Tempah);Calvin Harris;hip hop, pop, Dance/Electronic;A
Drive By;Train;pop;C#
Drop It Like It's Hot;Snoop Dogg;hip hop, pop;C#
Drop It Like It's Hot;Snoop Dogg;hip hop, pop;C#
Drops of Jupiter (Tell Me);Train;pop;C
Drowning (feat. Kodak Black);A Boogie Wit da Hoodie;hip hop;F
Drunk in Love (feat. Jay-Z);Beyoncé;pop, R&B;F
Dura;Daddy Yankee;latin;C#
Dusk Till Dawn (feat. Sia) - Radio Edit;ZAYN;pop, Dance/Electronic;B
Dynamite;Taio Cruz;hip hop, pop;E
E.T.;Katy Perry;pop;C#
EARFQUAKE;Tyler, The Creator;hip hop;A
Earned It (Fifty Shades Of Grey) - From The "Fifty Shades Of Grey" Soundtrack;The Weeknd;pop, R&B;D
Earthquake (feat. Tinie Tempah);Labrinth;pop;C
Easier;5 Seconds of Summer;pop;F
Eastside (with Halsey & Khalid);benny blanco;hip hop, pop;F#
Easy Love;Sigala;pop, Dance/Electronic;A
Eenie Meenie;Sean Kingston;hip hop, pop, R&B;C#
El Perdón - Forgiveness;Nicky Jam;latin;Ab
Elastic Heart;Sia;pop;A
Electric Love;BØRNS;rock, pop;F#
Empire State Of Mind;JAY-Z;hip hop;B
Empire State of Mind (Part II) Broken Down;Alicia Keys;pop, R&B;F#
Escape;Enrique Iglesias;pop, latin;B
Eternal Flame - Single Version;Atomic Kitten;pop;C
Eternity;Robbie Williams;pop, rock;Bb
Evacuate The Dancefloor;Cascada;hip hop, pop, Dance/Electronic;C
Every Teardrop Is a Waterfall;Coldplay;rock, pop;A
Everybody in Love;JLS;pop;F
Everyday;Logic;hip hop, pop;C#
Everyday I Love You Less And Less;Kaiser Chiefs;rock;C#
Everytime;Britney Spears;pop;Eb
Everytime We Touch - Radio Edit;Cascada;hip hop, pop, Dance/Electronic;Ab
Everytime You Need Me - Radio Version;Fragma;pop, Dance/Electronic;B
Exchange;Bryson Tiller;hip hop, pop, R&B;F#
Excuse Me Miss;JAY-Z;hip hop;F#
Eyes On You - Radio Mix;Jay Sean;hip hop, pop, R&B;G
F**kin' Perfect;P!nk;pop;G
F**kin' Problems (feat. Drake, 2 Chainz & Kendrick Lamar);A$AP Rocky;hip hop;C#
FEFE;6ix9ine;hip hop;C#
FRIENDS;Marshmello;pop, Dance/Electronic;A
Face Down;The Red Jumpsuit Apparatus;pop;G
Faded;Tyga;hip hop, pop;C#
Faded;Alan Walker;Dance/Electronic;F#
Faded;ZHU;Dance/Electronic;A
Faint;Linkin Park;rock, metal;E
Fake It;Seether;rock, metal;Ab
Family Affair;Mary J. Blige;pop, R&B;Ab
Fancy;Iggy Azalea;hip hop, pop;Bb
Far Away;Nickelback;rock, metal;F#
Fast Car;Jonas Blue;pop, Dance/Electronic;A
Fast Car;Jonas Blue;pop, Dance/Electronic;A
Feel Good Inc.;Gorillaz;hip hop;F#
Feel So Close - Radio Edit;Calvin Harris;hip hop, pop, Dance/Electronic;G
Feel This Moment (feat. Christina Aguilera);Pitbull;hip hop, pop, latin;G
Feel the Love (feat. John Newman);Rudimental;pop, Dance/Electronic;C#
Feels (feat. Pharrell Williams, Katy Perry & Big Sean);Calvin Harris;hip hop, pop, Dance/Electronic;B
Fergalicious;Fergie;pop, R&B;Ab
Fetish (feat. Gucci Mane);Selena Gomez;pop;D
Fight For This Love;Cheryl;pop, Dance/Electronic;G
Fighter;Christina Aguilera;pop;E
Fill Me In;Craig David;hip hop, pop, R&B;Ab
Fill Me In;Craig David;hip hop, pop, R&B;Ab
Final Song;MØ;pop, Dance/Electronic;C#
Find Your Love;Drake;hip hop, pop, R&B;F#
Fine China;Chris Brown;hip hop, pop, R&B;Bb
Finesse - Remix; feat. Cardi B;Bruno Mars;pop;F
Fire;Kasabian;rock;Bb
Fire Burning;Sean Kingston;hip hop, pop, R&B;C#
Fireflies;Owl City;rock, pop;Eb
Firestone;Kygo;pop, Dance/Electronic;B
Firework;Katy Perry;pop;Ab
Fit but You Know It;The Streets;hip hop, Dance/Electronic;F#
Five More Hours;Deorro;pop, Dance/Electronic;F
Flames;David Guetta;hip hop, pop, Dance/Electronic;F
Flashing Lights;Kanye West;hip hop;F#
Flex (Ooh, Ooh, Ooh);Rich Homie Quan;hip hop, pop;F#
Foolish;Ashanti;hip hop, pop, R&B;C
For You (Fifty Shades Freed) (& Rita Ora);Liam Payne;pop;D
Forever;Chris Brown;hip hop, pop, R&B;B
Forever;Drake;hip hop, pop, R&B;F
Forgot About Dre;Dr. Dre;hip hop;Ab
Freak Like Me;Sugababes;pop, R&B;F
Freaky Friday (feat. Chris Brown);Lil Dicky;hip hop, pop;Ab
Freek-A-Leek;Petey Pablo;hip hop, pop;D
Freestyler;Bomfunk MC's;pop;B
Friends (with BloodPop®);Justin Bieber;pop;Ab
From Paris to Berlin;Infernal;pop;A
Frontin' (feat. Jay-Z) - Club Mix;Pharrell Williams;hip hop, pop;A
Fuck It (I Don't Want You Back);Eamon;set();C
Full Moon;Brandy;hip hop, pop, R&B;Bb
GDFR (feat. Sage the Gemini & Lookas);Flo Rida;hip hop, pop;F
GUMMO;6ix9ine;hip hop;D
Galvanize;The Chemical Brothers;Dance/Electronic;G
Gangnam Style (강남스타일);PSY;pop;B
Gangsta Lovin';Eve;hip hop, pop, R&B;C#
Gasolina;Daddy Yankee;latin;C
Gecko (Overdrive) - Radio Edit;Oliver Heldens;pop, Dance/Electronic;C
German;EO;set();Ab
Geronimo;Sheppard;pop, rock, Dance/Electronic;G
Get Back;Ludacris;hip hop, pop;C#
Get Busy;Sean Paul;hip hop, pop;Bb
Get It On Tonite;Montell Jordan;hip hop, pop, R&B;Bb
Get It Poppin' (feat. Nelly) - Radio Version;Fat Joe;hip hop, pop;C#
Get It Shawty;Lloyd;hip hop, pop, R&B;F
Get Low;Lil Jon & The East Side Boyz;hip hop, pop;C#
Get Lucky (feat. Pharrell Williams & Nile Rodgers) - Radio Edit;Daft Punk;hip hop, Dance/Electronic;F#
Get Right;Jennifer Lopez;hip hop, pop, R&B;C
Get Up (Rattle) - Vocal Edit;Bingo Players;pop, Dance/Electronic;G
Get Up (feat. Chamillionaire);Ciara;pop, R&B;C#
Get Ur Freak On;Missy Elliott;hip hop, pop, R&B;C
Get the Party Started;P!nk;pop;B
Gettin' Over You (feat. Fergie & LMFAO);David Guetta;hip hop, pop, Dance/Electronic;Bb
Ghetto Gospel;2Pac;hip hop;F
Ghost;Ella Henderson;pop, Dance/Electronic;A
Ghost Town;Adam Lambert;pop;E
Giant (with Rag'n'Bone Man);Calvin Harris;hip hop, pop, Dance/Electronic;C#
Gimme More;Britney Spears;pop;D
Gimme That;Chris Brown;hip hop, pop, R&B;B
Gimme the Light;Sean Paul;hip hop, pop;D
Girl;Destiny's Child;pop, R&B;F#
Girlfriend;Avril Lavigne;pop;G
Girlfriend;*NSYNC;pop;C
Girls Like (feat. Zara Larsson);Tinie Tempah;hip hop, pop, Dance/Electronic;C
Girls Like You (feat. Cardi B) - Cardi B Version;Maroon 5;pop;C
Give It 2 Me;Madonna;pop;Ab
Give It To Me;Timbaland;hip hop, pop, R&B;Ab
Give Me Everything (feat. Ne-Yo, Afrojack & Nayer);Pitbull;hip hop, pop, latin;Ab
Give Your Heart a Break;Demi Lovato;pop;F#
Glad You Came;The Wanted;pop, Dance/Electronic;G
Glamorous;Fergie;pop, R&B;C
Glorious (feat. Skylar Grey);Macklemore;hip hop, pop;C
Go Let It Out;Oasis;Folk/Acoustic, rock;D
God is a woman;Ariana Grande;pop;C#
God's Plan;Drake;hip hop, pop, R&B;G
Going Bad (feat. Drake);Meek Mill;hip hop, pop;E
Gold;Kiiara;rock, pop, Dance/Electronic;Ab
Gold Digger;Kanye West;hip hop;C#
Gold Dust - Radio Edit;DJ Fresh;pop, Dance/Electronic;C
Golden Skans;Klaxons;rock;D
Gone;*NSYNC;pop;B
Good Feeling;Flo Rida;hip hop, pop;C#
Good For You;Selena Gomez;pop;F
Good Girls Go Bad (feat. Leighton Meester);Cobra Starship;pop, Dance/Electronic;C
Good Grief;Bastille;pop, rock;C#
Good Life;Kanye West;hip hop;C#
Good Life;OneRepublic;pop;F#
Good Life (with G-Eazy & Kehlani);G-Eazy;hip hop, pop;C#
Good Luck;Basement Jaxx;pop, Dance/Electronic;F
Good Time;Owl City;rock, pop;Eb
Goodbye My Lover;James Blunt;pop;E
Goodbyes (Feat. Young Thug);Post Malone;hip hop;F
Goodies (feat. Petey Pablo);Ciara;pop, R&B;F
Gossip Folks (feat. Ludacris);Missy Elliott;hip hop, pop, R&B;C
Got Money;Lil Wayne;hip hop, pop;G
Gotta Be Somebody;Nickelback;rock, metal;C
Gotta Get Thru This - D'N'D Radio Edit;Daniel Bedingfield;pop;G
Gotta Get Thru This - D'N'D Radio Edit;Daniel Bedingfield;pop;G
Gotta Tell You;Samantha Mumba;pop;C
Grace Kelly;MIKA;pop;C
Green Light (feat. André 3000);John Legend;pop, R&B;A
Grenade;Bruno Mars;pop;D
Grillz;Nelly;hip hop, pop, R&B;E
Grind With Me;Pretty Ricky;hip hop, pop, R&B;C#
Gucci Gang;Lil Pump;hip hop;F
HUMBLE.;Kendrick Lamar;hip hop;C#
Habits (Stay High);Tove Lo;pop, Dance/Electronic;F
Halfcrazy;Musiq Soulchild;pop, R&B;B
Hall of Fame (feat. will.i.am);The Script;pop, rock;Bb
Hallelujah;Alexandra Burke;pop;D
Halo;Beyoncé;pop, R&B;B
HandClap;Fitz and The Tantrums;pop, rock;Ab
Hands Clean;Alanis Morissette;pop, Folk/Acoustic;G
Hands on the Wheel (feat. Asap Rocky);ScHoolboy Q;hip hop, pop;C#
Hanging By A Moment;Lifehouse;pop, rock, metal;C#
Happier;Marshmello;pop, Dance/Electronic;F
Happy;Ashanti;hip hop, pop, R&B;D
Happy - From "Despicable Me 2";Pharrell Williams;hip hop, pop;F
Hard;Rihanna;hip hop, pop, R&B;C#
Harlem Shake;Baauer;Dance/Electronic;C
Hate It Or Love It;The Game;hip hop, pop;A
Havana (feat. Young Thug);Camila Cabello;pop;G
Have You Ever;S Club 7;pop;C
He Can't Love U;Jagged Edge;hip hop, pop, R&B;Ab
He Wasn't Man Enough;Toni Braxton;pop, R&B;B
Headlines;Drake;hip hop, pop, R&B;F#
Headsprung;LL Cool J;hip hop, pop, R&B;C
Headstrong;Trapt;rock, metal;E
Hear Me Now;Alok;pop, Dance/Electronic;B
Heard It All Before;Sunshine Anderson;pop, R&B;Eb
Heart Attack;Demi Lovato;pop;Ab
Heart Skips a Beat (feat. Rizzle Kicks);Olly Murs;pop, Dance/Electronic;A
Heartbreaker;will.i.am;hip hop, pop;A
Heartbroken - Edit;T2;Dance/Electronic;B
Heartless;Kanye West;hip hop;Bb
Heathens;Twenty One Pilots;rock;E
Heaven;DJ Sammy;pop;Ab
Heaven Is a Halfpipe (If I Die);OPM;rock;Ab
Hella Good;No Doubt;rock, pop;Ab
Hello;Adele;pop, R&B;F
Hemorrhage (In My Hands);Fuel;rock, pop, metal;C#
Here;Alessia Cara;pop, R&B;C
Here;Alessia Cara;pop, R&B;C
Here Is Gone;The Goo Goo Dolls;pop, rock;C#
Here Without You;3 Doors Down;pop, rock, metal;Bb
Here's to Never Growing Up;Avril Lavigne;pop;C
Hero (feat. Josey Scott);Chad Kroeger;metal;E
Heroes (we could be);Alesso;pop, Dance/Electronic;F
Hey Baby;No Doubt;rock, pop;B
Hey Baby (Drop It to the Floor) (feat. T-Pain);Pitbull;hip hop, pop, latin;Bb
Hey Baby (Radio Mix);DJ Ötzi;pop, easy listening, Dance/Electronic;Bb
Hey Brother;Avicii;pop, Dance/Electronic;G
Hey Daddy (Daddy's Home);Usher;hip hop, pop, R&B;B
Hey Mama;Black Eyed Peas;hip hop, pop;E
Hey Mama (feat. Nicki Minaj, Bebe Rexha & Afrojack);David Guetta;hip hop, pop, Dance/Electronic;A
Hey Porsche;Nelly;hip hop, pop, R&B;A
Hey There Delilah;Plain White T's;pop;D
Hey Ya!;Outkast;hip hop, pop;E
Hideaway;Kiesza;pop, Dance/Electronic;G
High (feat. Nicole Millar);Peking Duk;Dance/Electronic;C
High By The Beach;Lana Del Rey;pop;B
High Hopes;Panic! At The Disco;rock;F
Higher;The Saturdays;pop, Dance/Electronic;Bb
Higher;Taio Cruz;hip hop, pop;Ab
Higher;Creed;pop, rock, metal;D
Him & I;G-Eazy;hip hop, pop;D
Him & I (with Halsey);G-Eazy;hip hop, pop;D
Hips Don't Lie (feat. Wyclef Jean);Shakira;pop, latin;Bb
Hit 'Em Up Style (Oops!);Blu Cantrell;pop, R&B;F
Hold On;Chord Overstreet;pop, Folk/Acoustic;D
Hold On, We're Going Home;Drake;hip hop, pop, R&B;F#
Hole In The Head;Sugababes;pop, R&B;F#
Holidae In;Chingy;hip hop, pop, R&B;G
Holiday;Dizzee Rascal;hip hop, pop, Dance/Electronic;C
Hollaback Girl;Gwen Stefani;pop, R&B;Bb
Holy Grail;JAY-Z;hip hop;D
Home (with Machine Gun Kelly, X Ambassadors & Bebe Rexha);Machine Gun Kelly;hip hop, pop;Eb
Homecoming;Kanye West;hip hop;C#
Homemade Dynamite - REMIX;Lorde;pop, Dance/Electronic;C
Honey Bee;Blake Shelton;country;E
Hot - Play & Win Radio Version;INNA;pop;G
Hot Boyz;Missy Elliott;hip hop, pop, R&B;C#
Hot Girl Summer (feat. Nicki Minaj & Ty Dolla $ign);Megan Thee Stallion;hip hop, pop, R&B;C
Hot In Herre;Nelly;hip hop, pop, R&B;B
Hot N Cold;Katy Perry;pop;G
Hot N*gga;Bobby Shmurda;hip hop, pop;A
Hot Right Now (feat. RITA ORA) - Radio Edit;DJ Fresh;pop, Dance/Electronic;E
Hotel Room Service;Pitbull;hip hop, pop, latin;F#
Hotline Bling;Drake;hip hop, pop, R&B;D
Hotline Bling;Drake;hip hop, pop, R&B;D
Hotter Than Hell;Dua Lipa;pop;Eb
How Come;D12;hip hop, pop, rock;A
How Deep Is Your Love;Calvin Harris;hip hop, pop, Dance/Electronic;B
How Do You Sleep?;Sam Smith;pop;C#
How Long;Charlie Puth;pop;C#
How Low;Ludacris;hip hop, pop;C#
How To Love;Lil Wayne;hip hop, pop;B
How We Do;The Game;hip hop, pop;E
How We Do (Party);Rita Ora;hip hop, pop, Dance/Electronic;G
How You Gonna Act Like That;Tyrese;hip hop, pop, R&B;Eb
How You Remind Me;Nickelback;rock, metal;Bb
How to Be a Heartbreaker;MARINA;pop, Dance/Electronic;B
How to Save a Life;The Fray;pop;Bb
Human;Rag'n'Bone Man;R&B;A
Hung Up;Madonna;pop;A
Hurts So Good;Astrid S;rock, pop, Dance/Electronic;G
Hymn for the Weekend;Coldplay;rock, pop;C
Hypnotized (feat. Akon);Plies;hip hop, pop, R&B;Bb
I Believe in You;Kylie Minogue;pop, Dance/Electronic;G
I Bet You Look Good On The Dancefloor;Arctic Monkeys;rock;F#
I Can;Nas;hip hop;F#
I Could Be The One (Avicii Vs. Nicky Romero) - Radio Edit;Avicii;pop, Dance/Electronic;F#
I Cry;Flo Rida;hip hop, pop;E
I Don't Feel Like Dancin';Scissor Sisters;pop, rock, Dance/Electronic;G
I Don't Fuck With You;Big Sean;hip hop, pop;C#
I Don't Like It, I Love It (feat. Robin Thicke & Verdine White);Flo Rida;hip hop, pop;A
I Don't Wanna Know (feat. Enya & P. Diddy) - 2016 Remaster;Mario Winans;pop;B
I Don’t Wanna Live Forever (Fifty Shades Darker) - From "Fifty Shades Darker (Original Motion Picture Soundtrack)";ZAYN;pop, Dance/Electronic;C
I Feel It Coming;The Weeknd;pop, R&B;C
I Follow Rivers - The Magician Remix;Lykke Li;pop, Dance/Electronic;A
I Got U;Duke Dumont;pop, Dance/Electronic;A
I Gotta Feeling;Black Eyed Peas;hip hop, pop;C
I Hate Everything About You;Three Days Grace;rock, metal;F#
I Hate This Part;The Pussycat Dolls;pop, R&B;F
I Hate This Part;The Pussycat Dolls;pop, R&B;F
I Just Wanna Love U (Give It 2 Me);JAY-Z;hip hop;E
I Kissed A Girl;Katy Perry;pop;F
I Knew You Were Trouble.;Taylor Swift;pop;Eb
I Knew You Were Trouble.;Taylor Swift;pop;Eb
I Know What You Did Last Summer;Shawn Mendes;pop;A
I Know What You Want (feat. Flipmode Squad);Busta Rhymes;hip hop, pop;F#
I Know What You Want (feat. Flipmode Squad);Busta Rhymes;hip hop, pop;F#
I Know You Want Me (Calle Ocho);Pitbull;hip hop, pop, latin;D
I Like It;Enrique Iglesias;pop, latin;Bb
I Like It;Sammie;hip hop, pop, R&B;A
I Like It;Cardi B;hip hop, pop;F
I Like Me Better;Lauv;pop, Dance/Electronic;A
I Like That;Houston;hip hop, pop;Bb
I Like The Way - Radio Edit;Bodyrockers;rock, Dance/Electronic;F#
I Love College;Asher Roth;hip hop, pop;Ab
I Love It;Icona Pop;pop, Dance/Electronic;C#
I Love It (feat. Charli XCX);Icona Pop;pop, Dance/Electronic;Ab
I Love You;Faith Evans;hip hop, pop, R&B;B
I Luv Your Girl;The-Dream;hip hop, pop, R&B;Ab
I Need A Doctor;Dr. Dre;hip hop;Eb
I Need A Dollar;Aloe Blacc;R&B;F#
I Need You;LeAnn Rimes;pop, country;G
I Need Your Love (feat. Ellie Goulding);Calvin Harris;hip hop, pop, Dance/Electronic;Ab
I Need a Girl (Pt. 1) [feat. Usher & Loon];Diddy;hip hop, pop;F#
I Need a Girl (Pt. 2) [feat. Loon, Ginuwine & Mario Winans];Diddy;hip hop, pop;C#
I Predict A Riot;Kaiser Chiefs;rock;Ab
I See Fire - From "The Hobbit - The Desolation Of Smaug";Ed Sheeran;pop;Bb
I Took A Pill In Ibiza - Seeb Remix;Mike Posner;hip hop, pop, Dance/Electronic;G
I Tried;Bone Thugs-N-Harmony;hip hop, pop;E
I Turn To You;Melanie C;pop, Dance/Electronic;C#
I Turn to You;Christina Aguilera;pop;C#
I Wanna Go;Britney Spears;pop;F
I Wanna Know;Joe;pop, R&B;Ab
I Wanna Love You;Akon;pop;C
I Want You To Know;Zedd;hip hop, pop, Dance/Electronic;A
I Will Never Let You Down;Rita Ora;hip hop, pop, Dance/Electronic;E
I Wish;Carl Thomas;pop, R&B;C#
I Wish I Was a Punk Rocker (with Flowers in My Hair);Sandi Thom;World/Traditional, pop;E
I Won't Let You Go;James Morrison;pop, R&B;C
I Would Like;Zara Larsson;pop, Dance/Electronic;D
I Write Sins Not Tragedies;Panic! At The Disco;rock;A
I'm Gonna Be Alright (feat. Nas);Jennifer Lopez;hip hop, pop, R&B;Bb
I'm In Control;AlunaGeorge;pop, Dance/Electronic;B
I'm Like A Bird;Nelly Furtado;hip hop, pop, latin;Bb
I'm N Luv (Wit a Stripper) (feat. Mike Jones);T-Pain;hip hop, pop, R&B;Ab
I'm Not Alone - Radio Edit;Calvin Harris;hip hop, pop, Dance/Electronic;G
I'm Not a Girl, Not Yet a Woman;Britney Spears;pop;Eb
I'm On One;DJ Khaled;hip hop, pop;B
I'm Outta Love - Radio Edit;Anastacia;pop;Bb
I'm Real (feat. Ja Rule) - Murder Remix;Jennifer Lopez;hip hop, pop, R&B;B
I'm Sprung;T-Pain;hip hop, pop, R&B;C
I'm Still in Love with You (feat. Sasha);Sean Paul;hip hop, pop;G
I'm Upset;Drake;hip hop, pop, R&B;B
I'm a Slave 4 U;Britney Spears;pop;F
I'm a Thug;Trick Daddy;hip hop, pop;B
I'm with You;Avril Lavigne;pop;A
IDGAF;Dua Lipa;pop;G
Ice Box;Omarion;hip hop, pop, R&B;Ab
If I Could Go! (feat. Lil' Mo & Sacario);Angie Martinez;pop;A
If I Die Young;The Band Perry;country;E
If I Die Young;The Band Perry;country;E
If I Were a Boy;Beyoncé;pop, R&B;F#
If There's Any Justice;Lemar;R&B;F#
If Today Was Your Last Day;Nickelback;rock, metal;Eb
If Tomorrow Never Comes;Ronan Keating;pop, rock;Bb
If U Seek Amy;Britney Spears;pop;E
If We Ever Meet Again (Featuring Katy Perry);Timbaland;hip hop, pop, R&B;Ab
If You Come Back;Blue;pop;Bb
If You're Not The One;Daniel Bedingfield;pop;Bb
If You're Not The One;Daniel Bedingfield;pop;Bb
Imma Be;Black Eyed Peas;hip hop, pop;C
Impossible;Shontelle;pop, R&B;Ab
Impossible;James Arthur;pop;C
In Da Club;50 Cent;hip hop, pop;F#
In For The Kill;La Roux;pop, Dance/Electronic;Ab
In Love With a Girl;Gavin DeGraw;pop, Folk/Acoustic;Eb
In My Feelings;Drake;hip hop, pop, R&B;C#
In My Head;Jason Derulo;hip hop, pop;C
In My Mind;Dynoro;pop, Dance/Electronic;F#
In My Place;Coldplay;rock, pop;A
In The Dark;DEV;pop, Dance/Electronic;Ab
In The Morning;Razorlight;rock, pop;E
In The Night;The Weeknd;pop, R&B;G
In Those Jeans;Ginuwine;hip hop, pop, R&B;C#
In Your Eyes;Kylie Minogue;pop, Dance/Electronic;F#
In the End;Linkin Park;rock, metal;Eb
In the End;Linkin Park;rock, metal;Eb
In the Name of Love;Martin Garrix;pop, Dance/Electronic;E
In the Shadows;The Rasmus;metal;D
Incomplete;Sisqo;hip hop, pop, R&B;C#
Incomplete;Backstreet Boys;pop;E
Independent Women, Pt. 1;Destiny's Child;pop, R&B;F#
Independent Women, Pt. 1;Destiny's Child;pop, R&B;F#
Infinity 2008;Guru Josh Project;hip hop;G
International Love (feat. Chris Brown);Pitbull;hip hop, pop, latin;C
Into You;Ariana Grande;pop;A
Into You (feat. Tamia);Fabolous;hip hop, pop, R&B;G
Into the Night (feat. Chad Kroeger);Santana;rock, blues, latin;G
Intoxicated - New Radio Mix;Martin Solveig;pop, Dance/Electronic;C
Intro;The xx;rock;A
Irreplaceable;Beyoncé;pop, R&B;G
Irresistible;Jessica Simpson;pop, R&B;Ab
Is It Any Wonder?;Keane;pop;B
It Ain't Me (with Selena Gomez);Kygo;pop, Dance/Electronic;C
It Feels So Good;Sonique;pop;F
It Girl;Jason Derulo;hip hop, pop;C#
It Wasn't Me;Shaggy;hip hop, pop;C
It Will Rain;Bruno Mars;pop;D
It's A Vibe;2 Chainz;hip hop, pop;G
It's Been Awhile;Staind;rock, metal;F#
It's Goin' Down (feat. Nitti);Yung Joc;hip hop, pop;C#
It's Gonna Be Me;*NSYNC;pop;C
It's Like That;Mariah Carey;pop, R&B;Ab
It's My Life;No Doubt;rock, pop;Ab
It's My Life;Bon Jovi;rock, metal;C
It's My Life;No Doubt;rock, pop;Ab
It's Not My Time;3 Doors Down;pop, rock, metal;C
It's Not Over;Daughtry;pop, rock, metal;Bb
It's Over Now;112;hip hop, pop, R&B;C#
It's Raining Men;Geri Halliwell;pop;F
It's the Way You Make Me Feel;Steps;pop, Dance/Electronic;Ab
Izzo (H.O.V.A.);JAY-Z;hip hop;C#
Jackie Chan;Tiësto;pop, Dance/Electronic;Eb
Jai Ho! (You Are My Destiny);A.R. Rahman;set();Ab
Jar of Hearts;Christina Perri;pop;Eb
Jealous - Remix;Nick Jonas;pop;B
Jenny from the Block (feat. Jadakiss & Styles P.) - Track Masters Remix;Jennifer Lopez;hip hop, pop, R&B;F#
Jesus Walks;Kanye West;hip hop;Eb
Jocelyn Flores;XXXTENTACION;hip hop;C
Jubel - Radio Edit;Klingande;pop, Dance/Electronic;C
Juicy;Doja Cat;pop;C
Juju on That Beat (TZ Anthem);Zay Hilfigerrr;set();C#
Jumanji;B Young;hip hop, Dance/Electronic;Bb
Jump;Girls Aloud;pop, Dance/Electronic;Ab
Jumpin', Jumpin';Destiny's Child;pop, R&B;C#
Jumpman;Drake;hip hop, pop, R&B;C#
Jumpman;Drake;hip hop, pop, R&B;C#
Just A Dream;Nelly;hip hop, pop, R&B;C#
Just A Kiss;Lady A;pop, country;C#
Just A Lil Bit;50 Cent;hip hop, pop;C#
Just A Little;Liberty X;pop;F
Just Can’t Get Enough;Black Eyed Peas;hip hop, pop;C
Just Dance;Lady Gaga;pop;C#
Just Fine;Mary J. Blige;pop, R&B;B
Just Hold On;Steve Aoki;hip hop, pop, Dance/Electronic;B
Just Like Fire (From the Original Motion Picture "Alice Through The Looking Glass");P!nk;pop;G
Just Lose It;Eminem;hip hop;Ab
Just the Way You Are;Bruno Mars;pop;F
Karma;Alicia Keys;pop, R&B;Bb
Keisha & Becky - Remix;Russ Millions;pop;F#
Kickstarts;Example;pop, Dance/Electronic;F
Kids;MGMT;rock;A
Kill Em With Kindness;Selena Gomez;pop;Bb
Kill This Love;BLACKPINK;pop;D
King;Years & Years;pop, Dance/Electronic;E
King's Dead (with Kendrick Lamar, Future & James Blake);Jay Rock;hip hop, pop;C#
Kiss Kiss;Holly Valance;pop, Dance/Electronic;E
Kiss Kiss (feat. T-Pain);Chris Brown;hip hop, pop, R&B;Bb
Kiss Kiss (feat. T-Pain);Chris Brown;hip hop, pop, R&B;Bb
Kiss Me Thru The Phone;Soulja Boy;hip hop, pop;G
Knock You Down;Keri Hilson;pop, R&B;Ab
Kryptonite;3 Doors Down;pop, rock, metal;B
L'Amour Toujours;Gigi D'Agostino;pop;G
LOVE. FEAT. ZACARI.;Kendrick Lamar;hip hop;Bb
LUV;Tory Lanez;hip hop, pop, R&B;B
La Camisa Negra;Juanes;pop, latin;F#
La La La;Naughty Boy;Dance/Electronic;F#
La Tortura (feat. Alejandro Sanz);Shakira;pop, latin;C
Ladbroke Grove;AJ Tracey;hip hop, Dance/Electronic;B
Lady - Hear Me Tonight;Modjo;Dance/Electronic;F#
Lady Marmalade - From "Moulin Rouge" Soundtrack;Christina Aguilera;pop;F
Laffy Taffy;D4L;hip hop, pop;G
Laffy Taffy;D4L;hip hop, pop;G
Last Friday Night (T.G.I.F.);Katy Perry;pop;Eb
Last Night;Keyshia Cole;hip hop, pop, R&B;Eb
Latch;Disclosure;pop, Dance/Electronic;C#
Latch;Disclosure;pop, Dance/Electronic;C#
Lean Back;Terror Squad;hip hop;C#
Lean On (feat. MØ & DJ Snake);Major Lazer;hip hop, pop, Dance/Electronic;G
Lean Wit It, Rock Wit It;Dem Franchize Boyz;hip hop, pop;F
Leave (Get Out) - Radio Edit;JoJo;hip hop, pop, R&B;F
Leave Me Alone;Flipp Dinero;hip hop, pop;G
Leave Right Now;Will Young;pop;F#
Leave Right Now;Will Young;pop;F#
Leave a Light On;Tom Walker;rock, pop;F
Left Outside Alone;Anastacia;pop;D
Let Her Go;Passenger;pop;G
Let It All Go;Birdy;pop;Bb
Let It Go;Keyshia Cole;hip hop, pop, R&B;C#
Let It Rock;Kevin Rudolf;hip hop, pop;G
Let Me Blow Ya Mind;Eve;hip hop, pop, R&B;Ab
Let Me Down Slowly;Alec Benjamin;rock, pop, Dance/Electronic;C#
Let Me Go;3 Doors Down;pop, rock, metal;C#
Let Me Hold You (feat. Omarion);Bow Wow;hip hop, pop, R&B;F#
Let Me Love You;DJ Snake;hip hop, pop, Dance/Electronic;Ab
Let Me Love You;Mario;pop, R&B;G
Let Me Love You (Until You Learn To Love Yourself);Ne-Yo;pop, R&B;F
Let Me Think About It;Ida Corr;set();C
Let You Down;NF;hip hop, pop;F
Let's Dance - Radio Edit;Five;pop;E
Let's Fall in Love for the Night;FINNEAS;rock, pop, Dance/Electronic;F
Let's Get It Started - Spike Mix;Black Eyed Peas;hip hop, pop;B
Let's Go (feat. Ne-Yo);Calvin Harris;hip hop, pop, Dance/Electronic;E
Levels - Radio Edit;Avicii;pop, Dance/Electronic;C#
Liar;Camila Cabello;pop;B
Life Is A Rollercoaster;Ronan Keating;pop, rock;C
Life is a Highway;Rascal Flatts;country;F
Lifestyles of the Rich & Famous;Good Charlotte;rock, metal;C#
Light It Up (feat. Nyla & Fuse ODG) - Remix;Major Lazer;hip hop, pop, Dance/Electronic;A
Lighters;Bad Meets Evil;hip hop, pop;C
Lights - Single Version;Ellie Goulding;pop, rock, Dance/Electronic;Ab
Like A G6;Far East Movement;hip hop, pop;Eb
Like Glue;Sean Paul;hip hop, pop;C#
Like I Can;Sam Smith;pop;G
Like I Love You;Justin Timberlake;pop;F#
Like Toy Soldiers;Eminem;hip hop;Ab
Like Toy Soldiers;Eminem;hip hop;Ab
Like You (feat. Ciara);Bow Wow;hip hop, pop, R&B;F#
Like a Boy;Ciara;pop, R&B;C
Like a Stone;Audioslave;rock, metal;G
Lips Are Movin;Meghan Trainor;pop;G
Lips Of An Angel;Hinder;pop, rock, metal;D
Little Dark Age;MGMT;rock;F#
Little Do You Know;Alex & Sierra;pop;C
Little L;Jamiroquai;pop;Bb
Little Lion Man;Mumford & Sons;Folk/Acoustic, rock, pop;F
Little Talks;Of Monsters and Men;pop, rock, Folk/Acoustic;C#
Live Like We're Dying;Kris Allen;pop;C
Live While We're Young;One Direction;pop;D
Live Your Life;T.I.;hip hop, pop;B
Live Your Life;T.I.;hip hop, pop;B
Livin' It Up;Ja Rule;hip hop, pop, R&B;F#
Loca People - Radio Edit;Sak Noel;Dance/Electronic;B
Location (feat. Burna Boy);Dave;hip hop;A
Locked Away (feat. Adam Levine);R. City;pop;C#
Locked Up;Akon;pop;G
Locked out of Heaven;Bruno Mars;pop;F
Locked out of Heaven;Bruno Mars;pop;F
Lola's Theme - Radio Edit;The Shapeshifters;Dance/Electronic;F
Lollipop;Lil Wayne;hip hop, pop;C
London Bridge;Fergie;pop, R&B;C#
Lonely;Akon;pop;F
Lonely No More;Rob Thomas;pop, Folk/Acoustic;A
Lonely Together (feat. Rita Ora);Avicii;pop, Dance/Electronic;F
Look Alive (feat. Drake);BlocBoy JB;hip hop, pop;Bb
Look At Me Now (feat. Lil' Wayne & Busta Rhymes);Chris Brown;hip hop, pop, R&B;B
Look Back at It;A Boogie Wit da Hoodie;hip hop;Eb
Look Right Through - MK Vocal Edit;Storm Queen;Dance/Electronic;C
Look What You Made Me Do;Taylor Swift;pop;A
Lose Control (feat. Ciara & Fat Man Scoop);Missy Elliott;hip hop, pop, R&B;E
Lose My Breath;Destiny's Child;pop, R&B;C#
Lose Yourself - From "8 Mile" Soundtrack;Eminem;hip hop;D
Lose Yourself to Dance (feat. Pharrell Williams);Daft Punk;hip hop, Dance/Electronic;Bb
Lost;Frank Ocean;hip hop, pop, R&B;Ab
Lost Without You;Delta Goodrem;pop;G
Lost in the Fire (feat. The Weeknd);Gesaffelstein;Dance/Electronic;D
Louder (feat. Sian Evans) - Radio Edit;DJ Fresh;pop, Dance/Electronic;F#
Love;Keyshia Cole;hip hop, pop, R&B;F
Love;Musiq Soulchild;pop, R&B;C#
Love Don't Cost a Thing;Jennifer Lopez;hip hop, pop, R&B;E
Love Drunk;Boys Like Girls;pop;Bb
Love Generation - Radio Edit;Bob Sinclar;pop, Dance/Electronic;C#
Love Lies (with Normani);Khalid;pop, R&B;F#
Love Lockdown;Kanye West;hip hop;C#
Love Lockdown;Kanye West;hip hop;C#
Love Machine;Girls Aloud;pop, Dance/Electronic;G
Love Me;Lil Wayne;hip hop, pop;B
Love Me Again;John Newman;set();D
Love Me Harder;Ariana Grande;pop;C#
Love Me Harder;Ariana Grande;pop;C#
Love Me Like You Do - From "Fifty Shades Of Grey";Ellie Goulding;pop, rock, Dance/Electronic;Ab
Love Runs Out;OneRepublic;pop;G
Love Sex Magic (feat. Justin Timberlake);Ciara;pop, R&B;Bb
Love Story;Taylor Swift;pop;D
Love The Way You Lie;Eminem;hip hop;Bb
Love Today;MIKA;pop;E
Love You Like A Love Song;Selena Gomez & The Scene;pop, Dance/Electronic;C#
Love Yourself;Justin Bieber;pop;E
Love at First Sight;Kylie Minogue;pop, Dance/Electronic;Eb
Love in This Club (feat. Young Jeezy);Usher;hip hop, pop, R&B;C
LoveGame;Lady Gaga;pop;F#
LoveStoned / I Think She Knows (Interlude);Justin Timberlake;pop;C#
Loverboy;Mariah Carey;pop, R&B;C#
Lovers And Friends;Lil Jon & The East Side Boyz;hip hop, pop;Bb
Lovers on the Sun (feat. Sam Martin);David Guetta;hip hop, pop, Dance/Electronic;F#
Lovin' Each Day;Ronan Keating;pop, rock;C#
Low (feat. T-Pain);Flo Rida;hip hop, pop;Bb
Low Life (feat. The Weeknd);Future;hip hop, pop;Ab
Loyal (feat. Lil Wayne & Tyga);Chris Brown;hip hop, pop, R&B;Bb
Lucid Dreams;Juice WRLD;hip hop;F#
Lucky;Britney Spears;pop;Ab
Lush Life;Zara Larsson;pop, Dance/Electronic;G
Lust for Life (with The Weeknd);Lana Del Rey;pop;C
Luv U Better;LL Cool J;hip hop, pop, R&B;F#
MIA (feat. Drake);Bad Bunny;latin;F#
MIDDLE CHILD;J. Cole;hip hop;Ab
Mad;Ne-Yo;pop, R&B;C
Mad Love;Mabel;pop, Dance/Electronic;C
Mad World (Feat. Michael Andrews);Gary Jules;pop;Eb
Magic (feat. Rivers Cuomo);B.o.B;hip hop, pop;Ab
Magic Stick;Lil' Kim;hip hop, pop, R&B;D
Magnolia;Playboi Carti;hip hop;B
Make It Rain;Fat Joe;hip hop, pop;B
Make Luv;Room 5;Dance/Electronic;C#
Make Me Better;Fabolous;hip hop, pop, R&B;B
Makes Me Wonder;Maroon 5;pop;G
Mama;Jonas Blue;pop, Dance/Electronic;B
Mama Do (Uh Oh, Uh Oh);Pixie Lott;pop, Dance/Electronic;Eb
Man Down;Rihanna;hip hop, pop, R&B;C
Man Of The Year;ScHoolboy Q;hip hop, pop;Eb
Man's Not Hot;Big Shaq;pop, Dance/Electronic;C
Mandy;Westlife;pop;F
Maneater;Nelly Furtado;hip hop, pop, latin;F#
Maps;Maroon 5;pop;C#
Maria Maria (feat. The Product G&B);Santana;rock, blues, latin;D
Marry You;Bruno Mars;pop;Bb
Mask Off;Future;hip hop, pop;D
Me & U;Cassie;pop, R&B;Ab
Me Against the Music (feat. Madonna) - LP Version / Video Mix;Britney Spears;pop;F#
Me And My Broken Heart;Rixton;pop;F
Me Niego (feat. Ozuna & Wisin);Reik;pop, latin;C
Me, Myself & I;G-Eazy;hip hop, pop;C
Me, Myself and I;Beyoncé;pop, R&B;C#
Meant to Live;Switchfoot;rock, pop;D
Meet Me Halfway;Black Eyed Peas;hip hop, pop;B
Memories (feat. Kid Cudi);David Guetta;hip hop, pop, Dance/Electronic;Ab
Mercy;Kanye West;hip hop;F#
Mercy;Shawn Mendes;pop;E
Mercy;Duffy;pop, R&B;C
Mesmerize;Ja Rule;hip hop, pop, R&B;C#
Mi Gente;J Balvin;latin;B
Miami 2 Ibiza - Swedish House Mafia vs. Tinie Tempah;Swedish House Mafia;pop, Dance/Electronic;G
Middle;DJ Snake;hip hop, pop, Dance/Electronic;A
Middle Of The Night;The Vamps;pop;B
Midnight City;M83;rock, pop, metal, Dance/Electronic;B
Milkshake;Kelis;pop, R&B, Dance/Electronic;C#
Million Voices - Radio Edit;Otto Knows;pop, Dance/Electronic;Ab
Millionaire;Kelis;pop, R&B, Dance/Electronic;B
Mine;Bazzi;pop, Dance/Electronic;E
Mirrors;Justin Timberlake;pop;F
Misery;Maroon 5;pop;E
Misery Business;Paramore;pop, rock;C#
Miss Independent;Ne-Yo;pop, R&B;C#
Miss Independent;Kelly Clarkson;pop, R&B;B
Miss You (with Major Lazer & Tory Lanez);Cashmere Cat;pop, rock;C#
Miss You - Main;Aaliyah;hip hop, pop, R&B;Bb
Missing You;Case;hip hop, pop, R&B;C#
Mo Bamba;Sheck Wes;hip hop;E
Mockingbird;Eminem;hip hop;C
Money;Cardi B;hip hop, pop;Ab
Money In The Grave (Drake ft. Rick Ross);Drake;hip hop, pop, R&B;Bb
Money Maker;Ludacris;hip hop, pop;C#
Money On My Mind;Sam Smith;pop;D
Monster;Skillet;rock, pop, metal;Ab
Moonlight;XXXTENTACION;hip hop;A
More - RedOne Jimmy Joker Remix;Usher;hip hop, pop, R&B;G
More Than A Woman;Aaliyah;hip hop, pop, R&B;B
More Than You Know;Axwell /\ Ingrosso;pop, Dance/Electronic;F
Most Girls;P!nk;pop;D
Motivation;Kelly Rowland;hip hop, pop, R&B;A
Motivation;Normani;pop, R&B;E
MotorSport;Migos;hip hop, pop;D
Move Bitch;Disturbing Tha Peace;hip hop, pop;C#
Move Ya Body;Nina Sky;pop, R&B;B
Move Your Body - Gabry Ponte Original Radio Edit;Eiffel 65;pop;G
Move Your Feet;Junior Senior;pop;A
Moves Like Jagger - Studio Recording From "The Voice" Performance;Maroon 5;pop;B
Mr. Saxobeat;Alexandra Stan;pop, Dance/Electronic;B
Ms. Jackson;Outkast;hip hop, pop;E
Ms. New Booty;Bubba Sparxxx;hip hop, pop, country;C#
Mundian to Bach Ke;Panjabi MC;World/Traditional, hip hop;Ab
Murder On The Dancefloor;Sophie Ellis-Bextor;pop, Dance/Electronic;C#
Music;Madonna;pop;G
Music (feat. Marvin Gaye);Erick Sermon;hip hop, pop;Bb
My Band;D12;hip hop, pop, rock;C#
My Boo;Usher;hip hop, pop, R&B;F
My Chick Bad;Ludacris;hip hop, pop;C#
My First Kiss (feat. Ke$ha);3OH!3;hip hop, pop, rock;C
My Happy Ending;Avril Lavigne;pop;D
My House;Flo Rida;hip hop, pop;G
My House;Flo Rida;hip hop, pop;G
My Humps;Black Eyed Peas;hip hop, pop;C#
My Immortal;Evanescence;metal;A
My Life;The Game;hip hop, pop;B
My Life Would Suck Without You;Kelly Clarkson;pop, R&B;A
My Love;Westlife;pop;C
My Love (feat. Jess Glynne);Route 94;pop, Dance/Electronic;Ab
My Love (feat. T.I.);Justin Timberlake;pop;B
My Love (feat. T.I.);Justin Timberlake;pop;B
My Love Is Like...Wo - Main Mix;Mýa;pop, R&B;E
My My My - Radio Edit;Armand Van Helden;pop, Dance/Electronic;G
My Neck, My Back (Lick It);Khia;pop, R&B;A
My Place;Nelly;hip hop, pop, R&B;C#
My Prerogative;Britney Spears;pop;Bb
My Sacrifice;Creed;pop, rock, metal;D
My Songs Know What You Did In The Dark (Light Em Up);Fall Out Boy;rock;A
My Type;Saweetie;hip hop, pop, R&B;D
My Way;Calvin Harris;hip hop, pop, Dance/Electronic;E
My Way (feat. Monty);Fetty Wap;hip hop, pop;F#
NO;Meghan Trainor;pop;C#
NUMB;Hayden James;pop, Dance/Electronic;Bb
Na Na;Trey Songz;hip hop, pop, R&B;A
Na Na;Trey Songz;hip hop, pop, R&B;A
Naive;The Kooks;rock;Ab
Nasty Girl (feat. Diddy, Nelly, Jagged Edge & Avery Storm) - 2005 Remaster;The Notorious B.I.G.;hip hop;D
Natural;Imagine Dragons;rock;D
Naturally;Selena Gomez & The Scene;pop, Dance/Electronic;Bb
Naughty Girl;Beyoncé;pop, R&B;F#
Need U (100%) [feat. A*M*E] - Radio Edit;Duke Dumont;pop, Dance/Electronic;C
Need You Now;Lady A;pop, country;E
Needed Me;Rihanna;hip hop, pop, R&B;F
Nessaja;Scooter;pop, Dance/Electronic;D
Never Be Like You;Flume;Dance/Electronic;C
Never Be The Same Again;Melanie C;pop, Dance/Electronic;Eb
Never Be the Same;Camila Cabello;pop;C
Never Forget You;MNEK;Dance/Electronic;B
Never Forget You;Zara Larsson;pop, Dance/Electronic;B
Never Leave You (Uh Oooh, Uh Oooh);Lumidee;pop, R&B;F#
Never Say Never;The Fray;pop;Ab
Nevermind;Dennis Lloyd;pop;F
New Divide;Linkin Park;rock, metal;F
New Flame (feat. Usher & Rick Ross);Chris Brown;hip hop, pop, R&B;C#
New Rules;Dua Lipa;pop;A
Ni**as In Paris;JAY-Z;hip hop;C#
Nice For What;Drake;hip hop, pop, R&B;Ab
Night Changes;One Direction;pop;Ab
Nights Like This (feat. Ty Dolla $ign);Kehlani;hip hop, pop, R&B;Ab
Nine Million Bicycles;Katie Melua;pop, easy listening, jazz;C
No Brainer;DJ Khaled;hip hop, pop;C
No Hands (feat. Roscoe Dash & Wale);Waka Flocka Flame;hip hop, pop;C#
No Hands (feat. Roscoe Dash & Wale);Waka Flocka Flame;hip hop, pop;C#
No Letting Go;Wayne Wonder;hip hop, R&B;F
No Lie;Sean Paul;hip hop, pop;G
No Limit;G-Eazy;hip hop, pop;C#
No Money;Galantis;pop, Dance/Electronic;F#
No More;Ruff Endz;R&B;Bb
No More (Baby I'ma Do Right);3LW;pop, R&B;D
No More Drama;Mary J. Blige;pop, R&B;F#
No One;Alicia Keys;pop, R&B;C#
No Promises;Shayne Ward;pop;E
No Promises (feat. Demi Lovato);Cheat Codes;pop, Dance/Electronic;Bb
No Tomorrow;Orson;pop;Eb
No Type;Rae Sremmurd;hip hop, pop;F#
Nobody To Love - Radio Edit;Sigma;pop, Dance/Electronic;Ab
Nobody Wants to Be Lonely (with Christina Aguilera);Ricky Martin;pop, latin;Bb
Nobody's Home;Avril Lavigne;pop;F
Nonstop;Drake;hip hop, pop, R&B;G
Not Afraid;Eminem;hip hop;C
Not Fair;Lily Allen;pop;F
Not In Love - Radio Mix;Enrique Iglesias;pop, latin;C
Not Nice;PARTYNEXTDOOR;hip hop, pop, R&B;C
Nothin';N.O.R.E.;hip hop, pop;Eb
Nothin' on You (feat. Bruno Mars);B.o.B;hip hop, pop;Bb
Nothing Breaks Like a Heart (feat. Miley Cyrus);Mark Ronson;pop;G
Now You're Gone - Video Edit;Basshunter;pop;C#
Nu Flow;Big Brovaz;pop;G
Numb;Linkin Park;rock, metal;A
Numb / Encore;JAY-Z;hip hop;D
Number 1;Tinchy Stryder;pop, Dance/Electronic;C
OMG (feat. will.i.am);Usher;hip hop, pop, R&B;E
Oblivion;Grimes;pop, rock, Dance/Electronic;D
Obsessed;Mariah Carey;pop, R&B;Bb
Of The Night;Bastille;pop, rock;F
Oh (feat. Ludacris);Ciara;pop, R&B;G
Oh Boy;Cam’ron;hip hop, pop;F#
Old Town Road;Lil Nas X;hip hop, pop;C#
Old Town Road - Remix;Lil Nas X;hip hop, pop;F#
Omen;The Prodigy;rock, pop, Dance/Electronic;G
On A Roll;Ashley O;set();F
On Fire;Lloyd Banks;hip hop, pop;Ab
On My Mind;Ellie Goulding;pop, rock, Dance/Electronic;D
On The Floor;Jennifer Lopez;hip hop, pop, R&B;Eb
On the Hotline - Amended Version;Pretty Ricky;hip hop, pop, R&B;Bb
One;Mary J. Blige;pop, R&B;C
One (Your Name) - Radio Edit;Swedish House Mafia;pop, Dance/Electronic;A
One Call Away;Chingy;hip hop, pop, R&B;E
One Dance;Drake;hip hop, pop, R&B;C#
One Day / Reckoning Song (Wankelmut Remix) [Radio Edit];Asaf Avidan & the Mojos;pop;Eb
One Kiss (with Dua Lipa);Calvin Harris;hip hop, pop, Dance/Electronic;A
One Last Breath - Radio Version;Creed;pop, rock, metal;D
One Last Time;Ariana Grande;pop;Ab
One Love;Blue;pop;Ab
One Minute Man (feat. Ludacris);Missy Elliott;hip hop, pop, R&B;A
One More Night;Maroon 5;pop;F
One More Time;Daft Punk;hip hop, Dance/Electronic;D
One Step At a Time;Jordin Sparks;pop, R&B;C#
One Thing Right;Marshmello;pop, Dance/Electronic;E
One Time;Justin Bieber;pop;C#
One Way or Another (Teenage Kicks);One Direction;pop;E
One Wish;Ray J;hip hop, pop, R&B;F
Only Girl (In The World);Rihanna;hip hop, pop, R&B;B
Only Human;Jonas Brothers;pop;C
Only Love Can Hurt Like This;Paloma Faith;pop, R&B, Dance/Electronic;Ab
Only Time;Enya;World/Traditional, Folk/Acoustic;Eb
Only U - No Intro;Ashanti;hip hop, pop, R&B;F#
Oops (Oh My) [feat. Missy Elliott];Tweet;hip hop, pop, R&B;Bb
Oops!...I Did It Again;Britney Spears;pop;C#
Ophelia;The Lumineers;pop, Folk/Acoustic;F
Options;NSG;World/Traditional, hip hop;C#
Otherside;Red Hot Chili Peppers;rock;C
Otro Trago;Sech;latin;C
Out Of Reach;Gabrielle;pop, R&B;B
Outside (feat. Ellie Goulding);Calvin Harris;hip hop, pop, Dance/Electronic;D
Outta Control - Remix;50 Cent;hip hop, pop;Ab
Outta My System (feat. T-Pain & Johntá Austin);Bow Wow;hip hop, pop, R&B;F#
Over;Drake;hip hop, pop, R&B;G
Over And Over;Nelly;hip hop, pop, R&B;G
Overnight Celebrity;Twista;hip hop, pop, R&B;Bb
Overprotected - Radio Edit;Britney Spears;pop;C
P.I.M.P.;50 Cent;hip hop, pop;Bb
PILLOWTALK;ZAYN;pop, Dance/Electronic;B
Panda;Desiigner;hip hop, pop;Bb
Panini;Lil Nas X;hip hop, pop;F
Papaoutai;Stromae;pop;Bb
Paparazzi;Lady Gaga;pop;F
Paper Planes;M.I.A.;pop, rock;D
Papercuts (feat. Vera Blue);Illy;hip hop, pop, Dance/Electronic;F#
Paradise;Coldplay;rock, pop;F
Paradise;Coldplay;rock, pop;F
Paralyzer;Finger Eleven;rock, metal;B
Paralyzer;Finger Eleven;rock, metal;B
Paris;The Chainsmokers;pop, Dance/Electronic;D
Part Of Me;Katy Perry;pop;F
Party In The U.S.A.;Miley Cyrus;pop;Bb
Party Like A Rock Star;Shop Boyz;hip hop, pop;G
Party Rock Anthem;LMFAO;hip hop, pop, Dance/Electronic;F
Party Up;DMX;hip hop, pop;B
Pass Out;Tinie Tempah;hip hop, pop, Dance/Electronic;C#
Pass The Courvoisier Part II (feat. P. Diddy & Pharrell) - Remix;Busta Rhymes;hip hop, pop;F#
Passionfruit;Drake;hip hop, pop, R&B;B
Patience;Take That;pop;Bb
Patience;Take That;pop;Bb
Payphone;Maroon 5;pop;E
Peaches & Cream;112;hip hop, pop, R&B;E
Perfect;One Direction;pop;D
Perfect;Ed Sheeran;pop;Ab
Perfect Strangers;Jonas Blue;pop, Dance/Electronic;C#
Photograph;Nickelback;rock, metal;Ab
Piece Of Your Heart;MEDUZA;pop, Dance/Electronic;Bb
Piece of Me;Britney Spears;pop;B
Pieces Of Me;Ashlee Simpson;pop;D
Pink + White;Frank Ocean;hip hop, pop, R&B;A
Pjanoo - Radio Edit;Eric Prydz;pop, Dance/Electronic;G
Plain Jane;A$AP Ferg;hip hop, pop;B
Play;David Banner;hip hop, pop;C#
Play;Jennifer Lopez;hip hop, pop, R&B;C#
Play Hard (feat. Ne-Yo & Akon);David Guetta;hip hop, pop, Dance/Electronic;Ab
Please Don't Go;Joel Adams;R&B;E
Please Me;Cardi B;hip hop, pop;C#
Plug Walk;Rich The Kid;hip hop, pop;B
Pocketful of Sunshine;Natasha Bedingfield;pop;A
Point Of View - Radio Edit;DB Boulevard;Dance/Electronic;F#
Poker Face;Lady Gaga;pop;E
Pompeii;Bastille;pop, rock;A
Pon de Replay;Rihanna;hip hop, pop, R&B;G
Pop Out (feat. Lil Tjay);Polo G;hip hop;C#
Pop Style;Drake;hip hop, pop, R&B;G
Pop Ya Collar - Radio Edit;Usher;hip hop, pop, R&B;F
Pop, Lock & Drop It - Video Edit;Huey;hip hop, pop;B
Post Malone (feat. RANI);Sam Feldt;pop, Dance/Electronic;G
Post to Be (feat. Chris Brown & Jhene Aiko);Omarion;hip hop, pop, R&B;Bb
Pound The Alarm;Nicki Minaj;hip hop, pop;A
Power Trip (feat. Miguel);J. Cole;hip hop;C#
Powerglide (feat. Juicy J) - From SR3MM;Rae Sremmurd;hip hop, pop;C#
Pray For Me (with Kendrick Lamar);The Weeknd;pop, R&B;D
Prayer in C - Robin Schulz Radio Edit;Lilly Wood and The Prick;pop, rock;A
Pretty Girl - Cheat Codes X CADE Remix;Maggie Lindemann;rock, pop;G
Pretty Girl Rock;Keri Hilson;pop, R&B;B
Pretty Green Eyes - Radio Edit;Ultrabeat;pop, Dance/Electronic;C#
Price Tag;Jessie J;hip hop, pop;F
Primadonna;MARINA;pop, Dance/Electronic;E
Princess of China;Coldplay;rock, pop;A
Problem;Ariana Grande;pop;C#
Promiscuous;Nelly Furtado;hip hop, pop, latin;Bb
Promise;Jagged Edge;hip hop, pop, R&B;F
Promise;Ciara;pop, R&B;A
Propane Nightmares;Pendulum;Dance/Electronic;G
Proper Education - Radio Edit;Eric Prydz;pop, Dance/Electronic;C
Psycho (feat. Ty Dolla $ign);Post Malone;hip hop;Ab
Pullin' Me Back;Chingy;hip hop, pop, R&B;G
Pump It;Black Eyed Peas;hip hop, pop;C#
Pumped Up Kicks;Foster The People;rock, pop;F
Pure Shores;All Saints;pop;F#
Pure Water (with Migos);Mustard;hip hop, pop;C
Purple Pills;D12;hip hop, pop, rock;C#
Push The Button;Sugababes;pop, R&B;Ab
Put On;Jeezy;hip hop, pop;A
Put That Woman First;Jaheim;pop, R&B;F
Put Your Hands Up For Detroit - Radio Edit;Fedde Le Grand;pop, Dance/Electronic;G
Put Your Hands Up for Detroit - Radio Edit;Fedde Le Grand;pop, Dance/Electronic;G
R.I.P. (feat. Tinie Tempah);Rita Ora;hip hop, pop, Dance/Electronic;B
Rack City;Tyga;hip hop, pop;C#
Radio;Robbie Williams;pop, rock;F
Radioactive;Imagine Dragons;rock;A
Rain On Me;Ashanti;hip hop, pop, R&B;Ab
Rainy Dayz;Mary J. Blige;pop, R&B;F#
Raise Your Glass;P!nk;pop;G
Rake It Up (feat. Nicki Minaj);Yo Gotti;hip hop, pop;C#
Ransom;Lil Tecca;hip hop;G
Rapture (feat.Nadia Ali);iio;Dance/Electronic;Ab
Rather Be (feat. Jess Glynne);Clean Bandit;pop, Dance/Electronic;B
Read All About It;Professor Green;Dance/Electronic;B
Read All About It, Pt. III;Emeli Sandé;pop, R&B;D
Read Your Mind;Avant;pop, R&B;Ab
Ready For Your Love;Gorgon City;pop, Dance/Electronic;F
Ready or Not;Bridgit Mendler;pop;D
Red Lights;Tiësto;pop, Dance/Electronic;Bb
Reggaetón Lento (Remix);CNCO;pop, latin;E
Rehab;Amy Winehouse;R&B;C
Release Me;Agnes;pop, Dance/Electronic;D
Reload - Radio Edit;Sebastian Ingrosso;pop, Dance/Electronic;A
Remember the Name (feat. Styles of Beyond);Fort Minor;hip hop, pop, rock;Ab
Renegades;X Ambassadors;hip hop, rock, pop;D
Renegades;X Ambassadors;hip hop, rock, pop;D
Replay;Iyaz;hip hop, pop;A
Reptilia;The Strokes;rock;A
Ric Flair Drip (with Metro Boomin);Offset;hip hop, pop;A
Rich Girl;Gwen Stefani;pop, R&B;G
Rich Love (with Seeb);OneRepublic;pop;C#
Ride;Twenty One Pilots;rock;F#
Ride;Lana Del Rey;pop;C
Ride It;Regard;pop, Dance/Electronic;G
Ride Wit Me;Nelly;hip hop, pop, R&B;G
Ridin';Chamillionaire;hip hop, pop;Ab
Ridin' Solo;Jason Derulo;hip hop, pop;A
Right Above It;Lil Wayne;hip hop, pop;Eb
Right Now (Na Na Na);Akon;pop;Ab
Right Round;Flo Rida;hip hop, pop;G
Right Thurr;Chingy;hip hop, pop, R&B;D
Riptide;Vance Joy;rock, pop;C#
Rise;Jonas Blue;pop, Dance/Electronic;C#
Rise;Gabrielle;pop, R&B;Ab
Rise;Gabrielle;pop, R&B;Ab
Rise & Fall (feat. Sting);Craig David;hip hop, pop, R&B;F#
River (feat. Ed Sheeran);Eminem;hip hop;Ab
Riverside;Sidney Samson;Dance/Electronic;C#
Roar;Katy Perry;pop;G
Robbery;Juice WRLD;hip hop;D
Rock DJ;Robbie Williams;pop, rock;G
Rock The Boat;Aaliyah;hip hop, pop, R&B;F
Rock This Party - Everybody Dance Now;Bob Sinclar;pop, Dance/Electronic;F
Rock Wit U (Awww Baby);Ashanti;hip hop, pop, R&B;E
Rock Your Body;Justin Timberlake;pop;E
Rockabye (feat. Sean Paul & Anne-Marie);Clean Bandit;pop, Dance/Electronic;A
Rocketeer;Far East Movement;hip hop, pop;E
Rockin' That Shit;The-Dream;hip hop, pop, R&B;Ab
Rockstar;Nickelback;rock, metal;C
Rolex;Ayo & Teo;hip hop, pop;C#
Roll Up;Wiz Khalifa;hip hop, pop;Eb
Rollin' (Air Raid Vehicle);Limp Bizkit;metal;C#
Rolling in the Deep;Adele;pop, R&B;Ab
Rollout (My Business);Ludacris;hip hop, pop;G
Romeo;Basement Jaxx;pop, Dance/Electronic;D
Roses;The Chainsmokers;pop, Dance/Electronic;E
Round Round;Sugababes;pop, R&B;F#
Royals;Lorde;pop, Dance/Electronic;G
Ruby;Kaiser Chiefs;rock;F
Rude;MAGIC!;set();C#
Rude Boy;Rihanna;hip hop, pop, R&B;B
Rule The World - Radio Edit;Take That;pop;D
Rumour Has It;Adele;pop, R&B;C
Run;Leona Lewis;pop, R&B;F
Run It! (feat. Juelz Santana);Chris Brown;hip hop, pop, R&B;C#
Run This Town;JAY-Z;hip hop;C#
Runaway (U & I);Galantis;pop, Dance/Electronic;C#
Runaway Love;Ludacris;hip hop, pop;C#
Russian Roulette;Rihanna;hip hop, pop, R&B;F#
S&M;Rihanna;hip hop, pop, R&B;C#
SAD!;XXXTENTACION;hip hop;Ab
SICKO MODE;Travis Scott;hip hop, Dance/Electronic;Ab
SICKO MODE;Travis Scott;hip hop, Dance/Electronic;Ab
SOS;Rihanna;hip hop, pop, R&B;G
SOS (feat. Aloe Blacc);Avicii;pop, Dance/Electronic;F
SUBEME LA RADIO (feat. Descemer Bueno & Zion & Lennox);Enrique Iglesias;pop, latin;C
Safe And Sound;Capital Cities;pop;C
Sail;AWOLNATION;pop, rock;C#
Salt Shaker;Ying Yang Twins;hip hop, pop;B
Same Old Love;Selena Gomez;pop;B
Same Old Love;Selena Gomez;pop;B
Sandstorm;Darude;pop, Dance/Electronic;B
Satisfaction (Isak Original Extended) - Benny Benassi Presents The Biz;Benny Benassi;pop, Dance/Electronic;B
Save That Shit;Lil Peep;hip hop;D
Save The World;Swedish House Mafia;pop, Dance/Electronic;C
Savin' Me;Nickelback;rock, metal;Eb
Say Aah (feat. Fabolous);Trey Songz;hip hop, pop, R&B;C#
Say It;Flume;Dance/Electronic;Eb
Say It;Tory Lanez;hip hop, pop, R&B;B
Say It Right;Nelly Furtado;hip hop, pop, latin;C#
Say My Name;Destiny's Child;pop, R&B;F
Say Yes;Floetry;hip hop, pop, R&B;F
Scandalous - U.S. Radio Edit;Mis-Teeq;pop, Dance/Electronic;C
Scared to Be Lonely;Martin Garrix;pop, Dance/Electronic;C#
Scars;Papa Roach;rock, metal;B
Scars To Your Beautiful;Alessia Cara;pop, R&B;C
Scream;Usher;hip hop, pop, R&B;G
Scream & Shout;will.i.am;hip hop, pop;F
Second Chance;Shinedown;rock, metal;C
Secreto;Anuel AA;latin;B
Secrets;OneRepublic;pop;D
See You Again;Miley Cyrus;pop;A
See You Again (feat. Charlie Puth);Wiz Khalifa;hip hop, pop;Bb
Seek Bromance - Avicii’s Vocal Edit;Tim Berg;pop, Dance/Electronic;B
Sensual Seduction;Snoop Dogg;hip hop, pop;B
Separated;Avant;pop, R&B;C
Set Fire to the Rain;Adele;pop, R&B;D
Seven Nation Army;The White Stripes;rock, blues;E
Sex;Cheat Codes;pop, Dance/Electronic;C
Sex on Fire;Kings of Leon;rock;A
Sex on Fire;Kings of Leon;rock;A
Sexbomb;Tom Jones;rock, Folk/Acoustic, easy listening;Ab
Sexy And I Know It;LMFAO;hip hop, pop, Dance/Electronic;G
Sexy And I Know It;LMFAO;hip hop, pop, Dance/Electronic;G
Sexy Bitch (feat. Akon);David Guetta;hip hop, pop, Dance/Electronic;B
Sexy Can I feat. Yung Berg;Ray J;hip hop, pop, R&B;C#
Sexy Love;Ne-Yo;pop, R&B;Ab
SexyBack (feat. Timbaland);Justin Timberlake;pop;G
Señorita;Shawn Mendes;pop;A
Shackles (Praise You);Mary Mary;R&B;G
Shake It;Metro Station;pop, rock;E
Shake It Off;Taylor Swift;pop;G
Shake That;Eminem;hip hop;C#
Shake Ya Ass;Mystikal;hip hop, pop;G
Shake Ya Tailfeather (feat. P. Diddy & Murphy Lee) - 2016 Remaster;Nelly;hip hop, pop, R&B;C#
Shalala Lala;Vengaboys;pop;D
Shallow;Lady Gaga;pop;G
Shape of My Heart;Backstreet Boys;pop;A
Shape of You;Ed Sheeran;pop;C#
Shawty (feat. T Pain);Plies;hip hop, pop, R&B;E
She Bangs - English Version;Ricky Martin;pop, latin;C#
She Doesn't Mind;Sean Paul;hip hop, pop;G
She Hates Me;Puddle Of Mudd;rock, metal;E
She Looks So Perfect;5 Seconds of Summer;pop;A
She Said;Plan B;Dance/Electronic;Eb
She Wants To Move;N.E.R.D;hip hop;F
She Wolf;Shakira;pop, latin;G
She Wolf (Falling to Pieces) [feat. Sia];David Guetta;hip hop, pop, Dance/Electronic;G
Shine;Years & Years;pop, Dance/Electronic;C#
Shiver;Natalie Imbruglia;pop, Folk/Acoustic;C#
Shotta Flow (feat. Blueface) [Remix];NLE Choppa;hip hop;D
Shout Out to My Ex;Little Mix;pop;F
Show Me (feat. Chris Brown);Kid Ink;hip hop, pop;G
Show Me the Meaning of Being Lonely;Backstreet Boys;pop;F#
Shower;Becky G;pop, latin;D
Shut Up;Black Eyed Peas;hip hop, pop;D
Shut Up And Drive;Rihanna;hip hop, pop, R&B;C#
Shut Up and Let Me Go;The Ting Tings;pop, rock, Dance/Electronic;G
Sick Boy;The Chainsmokers;pop, Dance/Electronic;B
Sick and Tired;Anastacia;pop;C
Side To Side;Ariana Grande;pop;F#
Signs;Snoop Dogg;hip hop, pop;G
Silence;Marshmello;pop, Dance/Electronic;E
Silhouettes - Original Radio Edit;Avicii;pop, Dance/Electronic;F
Sin Pijama;Becky G;pop, latin;B
Since U Been Gone;Kelly Clarkson;pop, R&B;A
Sing;Ed Sheeran;pop;Ab
Sing;Travis;rock, pop;E
Sing For The Moment;Eminem;hip hop;F
Single Ladies (Put a Ring on It);Beyoncé;pop, R&B;C#
Sit Still, Look Pretty;Daya;rock, pop, Dance/Electronic;D
Sk8er Boi;Avril Lavigne;pop;C
Skin;Rag'n'Bone Man;R&B;C
Skyfall;Adele;pop, R&B;C
Slippery (feat. Gucci Mane);Migos;hip hop, pop;C#
Slow Down - 12" Version;Bobby V.;hip hop, pop, R&B;B
Slow Jamz;Twista;hip hop, pop, R&B;D
Slow Motion;JUVENILE;hip hop, pop;C
Smack That;Akon;pop;F
Smile;Lily Allen;pop;F
Smooth Criminal;Alien Ant Farm;rock, metal;A
Snap Yo Fingers;Lil Jon;hip hop, pop;Ab
Snow (Hey Oh);Red Hot Chili Peppers;rock;B
So Am I;Ava Max;pop;F#
So Gone;Monica;pop, R&B;Ab
So Sick;Ne-Yo;pop, R&B;F#
So What;P!nk;pop;B
Sober;P!nk;pop;F#
Soldier (feat. T.I. & Lil' Wayne);Destiny's Child;pop, R&B;G
Solo (feat. Demi Lovato);Clean Bandit;pop, Dance/Electronic;B
Solo Dance;Martin Jensen;pop, Dance/Electronic;F#
Soltera - Remix;Lunay;pop, latin;F
Some Cut;Trillville;hip hop, pop;C#
Somebody;Natalie La Rose;set();C
Somebody That I Used To Know;Gotye;set();C
Someday;Nickelback;rock, metal;B
Someone Like You;Adele;pop, R&B;A
Someone You Loved;Lewis Capaldi;pop;C#
Somethin' Stupid;Robbie Williams;pop, rock;C
Something;Lasgo;pop;G
Something Just Like This;The Chainsmokers;pop, Dance/Electronic;B
Something Kinda Ooooh;Girls Aloud;pop, Dance/Electronic;B
Sometimes You Can't Make It On Your Own;U2;World/Traditional, rock;D
Sonnentanz - Sun Don't Shine;Klangkarussell;pop, Dance/Electronic;F
Sorry;Beyoncé;pop, R&B;D
Sorry;Justin Bieber;pop;C
Sorry;Justin Bieber;pop;C
Sorry;Joel Corry;pop, Dance/Electronic;Ab
Sorry;Madonna;pop;C
Sorry Seems To Be The Hardest Word;Blue;pop;G
Soul Survivor;Jeezy;hip hop, pop;Bb
Sound Of The Underground;Girls Aloud;pop, Dance/Electronic;B
Southern Hospitality (Featuring Pharrell);Ludacris;hip hop, pop;C
Southside;Lloyd;hip hop, pop, R&B;A
Spectrum (Say My Name) - Calvin Harris Remix;Florence + The Machine;rock, pop, Dance/Electronic;B
Speed of Sound;Coldplay;rock, pop;B
Spinning Around;Kylie Minogue;pop, Dance/Electronic;F#
Spinning Around;Kylie Minogue;pop, Dance/Electronic;F#
Spirits;The Strumbellas;rock, Folk/Acoustic, pop;C
Splash Waterfalls;Ludacris;hip hop, pop;B
Spotlight;Jennifer Hudson;pop, R&B, easy listening;B
Spotlight;Marshmello;pop, Dance/Electronic;G
Stan;Eminem;hip hop;F#
Stand Up;Ludacris;hip hop, pop;F#
Starboy;The Weeknd;pop, R&B;G
Starlight - Radio Edit;The Supermen Lovers;Dance/Electronic;C
Starry Eyed;Ellie Goulding;pop, rock, Dance/Electronic;F
Starships;Nicki Minaj;hip hop, pop;B
Starstrukk;3OH!3;hip hop, pop, rock;B
Started From the Bottom;Drake;hip hop, pop, R&B;Ab
Starz In Their Eyes;Just Jack;Dance/Electronic;Eb
Stay;Rihanna;hip hop, pop, R&B;A
Stay The Night - Featuring Hayley Williams Of Paramore;Zedd;hip hop, pop, Dance/Electronic;Ab
Stay With Me;Sam Smith;pop;C
Steady, As She Goes;The Raconteurs;rock;A
Steal My Girl;One Direction;pop;Bb
Stereo Hearts (feat. Adam Levine);Gym Class Heroes;hip hop, pop;A
Stereo Love - Radio Edit;Edward Maya;pop;C#
Stereo Love - Radio Edit;Edward Maya;pop;C#
Stickwitu;The Pussycat Dolls;pop, R&B;A
Stickwitu;The Pussycat Dolls;pop, R&B;A
Still Fly;Big Tymers;hip hop, pop;B
Still into You;Paramore;pop, rock;F
Stir Fry;Migos;hip hop, pop;D
Stitches;Shawn Mendes;pop;C#
Stole;Kelly Rowland;hip hop, pop, R&B;G
Stole the Show;Kygo;pop, Dance/Electronic;Ab
Stole the Show;Kygo;pop, Dance/Electronic;Ab
Stolen Dance;Milky Chance;set();B
Stop And Stare;OneRepublic;pop;E
Stop Me (feat. Daniel Merriweather);Mark Ronson;pop;C
Story of My Life;One Direction;pop;Eb
Stranger in My House;Tamia;pop, R&B;C
Stressed Out;Twenty One Pilots;rock;E
Strike a Pose (feat. Aitch);Young T & Bugsey;hip hop;C#
Strip That Down;Liam Payne;pop;F#
Stronger;Kanye West;hip hop;Bb
Stronger (What Doesn't Kill You);Kelly Clarkson;pop, R&B;C
Stupid Girls;P!nk;pop;E
Stutter (feat. Mystikal) - Double Take Remix;Joe;pop, R&B;F#
Style;Taylor Swift;pop;G
Style;Taylor Swift;pop;G
Sucker;Jonas Brothers;pop;C#
Sucker for Pain (with Wiz Khalifa, Imagine Dragons, Logic & Ty Dolla $ign feat. X Ambassadors);Lil Wayne;hip hop, pop;A
Suddenly I See;KT Tunstall;World/Traditional, pop, Folk/Acoustic;C
Suffocate - Superclean;J. Holiday;hip hop, pop, R&B, Dance/Electronic;A
Suga Suga;Baby Bash;hip hop, pop, R&B, latin;F
Suga Suga;Baby Bash;hip hop, pop, R&B, latin;F
Sugar;Maroon 5;pop;C#
Sugar (feat. Francesco Yates);Robin Schulz;pop, Dance/Electronic;F
Suge;DaBaby;hip hop;D
Suit & Tie (feat. Jay-Z);Justin Timberlake;pop;B
Summer;Calvin Harris;hip hop, pop, Dance/Electronic;E
Summer Love;Justin Timberlake;pop;C
Summertime Sadness (Lana Del Rey Vs. Cedric Gervais) - Cedric Gervais Remix;Lana Del Rey;pop;C#
Sunflower - Spider-Man: Into the Spider-Verse;Post Malone;hip hop;D
Sunrise;Simply Red;rock, R&B, Folk/Acoustic, pop;F
Sunset Lover;Petit Biscuit;Dance/Electronic;F#
Sunshine (feat. Anthony Hamilton);Twista;hip hop, pop, R&B;B
Sunshine (feat. Lea);Lil' Flip;hip hop, pop;C
Super Bass;Nicki Minaj;hip hop, pop;B
Superheroes;The Script;pop, rock;Eb
Supermassive Black Hole;Muse;rock;G
Superstar;Jamelia;pop;C#
Superstar (feat. Matthew Santos);Lupe Fiasco;hip hop, pop;B
Sure Be Cool If You Did;Blake Shelton;country;B
Sure Thing;Miguel;pop, R&B;B
Survivor;Destiny's Child;pop, R&B;C#
Swalla (feat. Nicki Minaj & Ty Dolla $ign);Jason Derulo;hip hop, pop;C#
Swang;Rae Sremmurd;hip hop, pop;Ab
Sweat - Remix;Snoop Dogg;hip hop, pop;G
Sweater Weather;The Neighbourhood;rock, pop;Bb
Sweet About Me;Gabriella Cilmi;R&B;F#
Sweet Dreams;Beyoncé;pop, R&B;C#
Sweet Dreams My LA Ex - Radio Edit;Rachel Stevens;pop, Dance/Electronic;D
Sweet Lovin' - Radio Edit;Sigala;pop, Dance/Electronic;Bb
Sweet Nothing (feat. Florence Welch);Calvin Harris;hip hop, pop, Dance/Electronic;Ab
Sweet but Psycho;Ava Max;pop;C#
Sweetest Girl (Dollar Bill) (feat. Akon, Lil' Wayne & Niia);Wyclef Jean;set();C#
Swervin (feat. 6ix9ine);A Boogie Wit da Hoodie;hip hop;A
Swimming Pools (Drank) - Extended Version;Kendrick Lamar;hip hop;C#
Switch;Will Smith;hip hop, pop;F
Symphony (feat. Zara Larsson);Clean Bandit;pop, Dance/Electronic;C
T-Shirt;Migos;hip hop, pop;Bb
Tainted Love;Marilyn Manson;rock, metal;Ab
Take A Bow;Rihanna;hip hop, pop, R&B;A
Take A Look Around;Limp Bizkit;metal;B
Take Care;Drake;hip hop, pop, R&B;C
Take It Off;Kesha;pop, Dance/Electronic;F
Take Me Back to London (feat. Stormzy);Ed Sheeran;pop;Ab
Take Me Out;Franz Ferdinand;rock;E
Take Me To Church;Hozier;Folk/Acoustic, pop;E
Take Me To The Clouds Above - LMC Vs. U2 / Radio Edit;LMC;Dance/Electronic;F#
Take You There;Sean Kingston;hip hop, pop, R&B;F
Taki Taki (feat. Selena Gomez, Ozuna & Cardi B);DJ Snake;hip hop, pop, Dance/Electronic;Ab
Taki Taki (with Selena Gomez, Ozuna & Cardi B);DJ Snake;hip hop, pop, Dance/Electronic;Ab
Talk Dirty (feat. 2 Chainz);Jason Derulo;hip hop, pop;F#
Talk Dirty (feat. 2 Chainz);Jason Derulo;hip hop, pop;F#
Talking Body;Tove Lo;pop, Dance/Electronic;E
Talking Body;Tove Lo;pop, Dance/Electronic;E
Talking to the Moon;Bruno Mars;pop;C#
Taste (feat. Offset);Tyga;hip hop, pop;C
Tattoo;Jordin Sparks;pop, R&B;D
Te Amo;Rihanna;hip hop, pop, R&B;Ab
Te Boté - Remix;Nio Garcia;latin;B
Teach Me How to Dougie;Cali Swag District;hip hop, pop;B
Team;Lorde;pop, Dance/Electronic;F#
Team;Lorde;pop, Dance/Electronic;F#
Tears (feat. Louisa Johnson);Clean Bandit;pop, Dance/Electronic;F
Teenage Dirtbag;Wheatus;set();E
Teenage Dream;Katy Perry;pop;Bb
Teenagers;My Chemical Romance;rock;E
Telephone;Lady Gaga;pop;Eb
Temperature;Sean Paul;hip hop, pop;C
Thank God I Found You (feat. Joe & 98°);Mariah Carey;pop, R&B;Bb
Thank You;Dido;pop;C#
That's My Goal;Shayne Ward;pop;D
That's Not My Name;The Ting Tings;pop, rock, Dance/Electronic;A
That's the Way It Is;Céline Dion;pop;A
The Adventures of Rain Dance Maggie;Red Hot Chili Peppers;rock;E
The Boy Does Nothing;Alesha Dixon;pop;Eb
The Closest Thing to Crazy;Katie Melua;pop, easy listening, jazz;E
The Creeps - Fedde Le Grand Radio Mix;Camille Jones;set();F#
The Edge Of Glory;Lady Gaga;pop;A
The Fear;Lily Allen;pop;Bb
The Flood;Take That;pop;B
The Fox (What Does the Fox Say?);Ylvis;hip hop;F#
The Girl Is Mine;99 Souls;Dance/Electronic;A
The Git Up;Blanco Brown;hip hop, country;A
The Great Escape;Boys Like Girls;pop;C#
The Greatest (feat. Kendrick Lamar);Sia;pop;C#
The Greatest Show;Hugh Jackman;easy listening;B
The Heart Wants What It Wants;Selena Gomez;pop;G
The Heart Wants What It Wants;Selena Gomez;pop;G
The Hills;The Weeknd;pop, R&B;C
The Jump Off (feat. Mr. Cheeks) - Remix;Lil' Kim;hip hop, pop, R&B;C#
The Ketchup Song (Aserejé) - Spanglish Version;Las Ketchup;set();C#
The Kill;Thirty Seconds To Mars;rock;E
The Lazy Song;Bruno Mars;pop;Ab
The Less I Know The Better;Tame Impala;metal;E
The Logical Song;Scooter;pop, Dance/Electronic;F#
The London (feat. J. Cole & Travis Scott);Young Thug;hip hop, pop;E
The Middle;Zedd;hip hop, pop, Dance/Electronic;G
The Middle;Jimmy Eat World;rock, pop;D
The Monster;Eminem;hip hop;C#
The Motto;Drake;hip hop, pop, R&B;C#
The Next Episode;Dr. Dre;hip hop;Bb
The Nights;Avicii;pop, Dance/Electronic;F#
The Ocean (feat. Shy Martin);Mike Perry;pop, Dance/Electronic;F
The One That Got Away;Katy Perry;pop;C#
The Other Side;Jason Derulo;hip hop, pop;A
The Pretender;Foo Fighters;rock, metal;A
The Real Slim Shady;Eminem;hip hop;F
The Reason;Hoobastank;pop, rock, metal;E
The Riddle;Gigi D'Agostino;pop;F#
The Rose;Westlife;pop;A
The Seed (2.0);The Roots;hip hop;G
The Show Goes On;Lupe Fiasco;hip hop, pop;G
The Sweet Escape;Gwen Stefani;pop, R&B;C#
The Tide Is High - Radio Mix;Atomic Kitten;pop;G
The Time (Dirty Bit);Black Eyed Peas;hip hop, pop;F#
The Time Is Now;Moloko;pop, Dance/Electronic;A
The Way;Ariana Grande;pop;F
The Way I Am;Charlie Puth;pop;Bb
The Way I Are;Timbaland;hip hop, pop, R&B;Eb
The Way I Live - Main Explicit;Baby Boy Da Prince;hip hop, pop;C
The Way You Move (feat. Sleepy Brown);Outkast;hip hop, pop;F
The Way You Move (feat. Sleepy Brown);Outkast;hip hop, pop;F
The Whole World (feat. Killer Mike);Outkast;hip hop, pop;D
There You Go;P!nk;pop;Bb
There You'll Be;Faith Hill;pop, country;Ab
There's Nothing Holdin' Me Back;Shawn Mendes;pop;D
Thinking About You (feat. Ayah Marar);Calvin Harris;hip hop, pop, Dance/Electronic;C
Thinking out Loud;Ed Sheeran;pop;D
This Ain't A Scene, It's An Arms Race;Fall Out Boy;rock;A
This Ain't a Love Song;Scouting For Girls;pop, rock;C
This Feeling;The Chainsmokers;pop, Dance/Electronic;C#
This Girl - Kungs Vs. Cookin' On 3 Burners;Kungs;pop, Dance/Electronic;C
This Is How We Do;Katy Perry;pop;A
This Is Love;will.i.am;hip hop, pop;C
This Is What It Feels Like;Armin van Buuren;pop, Dance/Electronic;Ab
This Is What You Came For (feat. Rihanna);Calvin Harris;hip hop, pop, Dance/Electronic;A
This Is Why I'm Hot;MiMS;hip hop, pop;Ab
This Love;Maroon 5;pop;F
This One's for You (feat. Zara Larsson) (Official Song UEFA EURO 2016);David Guetta;hip hop, pop, Dance/Electronic;A
Thnks fr th Mmrs;Fall Out Boy;rock;Bb
Thong Song;Sisqo;hip hop, pop, R&B;D
Thotiana;Blueface;hip hop;Bb
Thrift Shop (feat. Wanz);Macklemore & Ryan Lewis;hip hop, pop;F#
Through The Wire;Kanye West;hip hop;G
Throw It In The Bag;Fabolous;hip hop, pop, R&B;B
Throw Some D's;Rich Boy;hip hop, pop;B
Thunder;Imagine Dragons;rock;C
Thunder in My Heart Again (Radio Edit);Meck;set();D
TiK ToK;Kesha;pop, Dance/Electronic;D
Tiimmy Turner;Desiigner;hip hop, pop;F#
Till the World Ends;Britney Spears;pop;Ab
Timber (feat. Ke$ha);Pitbull;hip hop, pop, latin;B
Time of Our Lives;Pitbull;hip hop, pop, latin;C#
Tip Toe (feat. French Montana);Jason Derulo;hip hop, pop;Bb
Tipsy - Club Mix;J-Kwon;hip hop, pop;A
Titanium (feat. Sia);David Guetta;hip hop, pop, Dance/Electronic;C
Tongue Tied;Grouplove;pop, rock, Folk/Acoustic;Eb
Tonight (I'm Fuckin' You);Enrique Iglesias;pop, latin;C
Tonight Tonight;Hot Chelle Rae;hip hop, pop, rock;E
Too Close;Alex Clare;rock;B
Too Good;Drake;hip hop, pop, R&B;G
Too Good At Goodbyes;Sam Smith;pop;F
Too Little Too Late;JoJo;hip hop, pop, R&B;F#
Too Lost In You;Sugababes;pop, R&B;C#
Too Lost In You;Sugababes;pop, R&B;C#
Touch It;Busta Rhymes;hip hop, pop;C#
Touch Me (Radio Edit) [feat. Cassandra];Rui Da Silva;Dance/Electronic;C
Touch My Body;Mariah Carey;pop, R&B;E
Touch The Sky;Kanye West;hip hop;A
Toxic;Britney Spears;pop;F
Trap Queen;Fetty Wap;hip hop, pop;G
Treasure;Bruno Mars;pop;F
Treat You Better;Shawn Mendes;pop;Bb
Trick Me;Kelis;pop, R&B, Dance/Electronic;C#
Trip;Ella Mai;hip hop, pop, R&B;B
Tripping;Robbie Williams;pop, rock;D
Troublemaker (feat. Flo Rida);Olly Murs;pop, Dance/Electronic;C
True;Ryan Cabrera;pop;F#
True Love (feat. Lily Allen);P!nk;pop;A
Trumpets;Jason Derulo;hip hop, pop;C
Try;P!nk;pop;D
Try;P!nk;pop;D
Try Again;Aaliyah;hip hop, pop, R&B;F#
Tuesday (feat. Danelle Sandoval);Burak Yeter;Dance/Electronic;A
Tunnel Vision;Kodak Black;hip hop;B
Turn Down for What;DJ Snake;hip hop, pop, Dance/Electronic;C#
Turn Me On;Kevin Lyttle;hip hop;A
Turn Me On (feat. Nicki Minaj);David Guetta;hip hop, pop, Dance/Electronic;Ab
Turn My Swag On;Soulja Boy;hip hop, pop;Eb
Turn Off The Light;Nelly Furtado;hip hop, pop, latin;D
Turn Up the Music;Chris Brown;hip hop, pop, R&B;C#
Turnin Me On - Original Dirty;Keri Hilson;pop, R&B;C#
U + Ur Hand;P!nk;pop;C
U Don't Have to Call;Usher;hip hop, pop, R&B;C#
U Know What's Up (feat. Lisa "Left Eye" Lopes);Donell Jones;pop, R&B;Ab
U Make Me Wanna - Radio Edit;Blue;pop;G
U and Dat (feat. T. Pain & Kandi Girl);E-40;hip hop, pop;F#
Ugly Heart;G.R.L.;pop;A
Uh Huh;B2K;hip hop, pop, R&B;D
Umbrella;Rihanna;hip hop, pop, R&B;C#
Unchained Melody;Gareth Gates;pop;Bb
Unconditionally;Katy Perry;pop;G
Under Control (feat. Hurts);Calvin Harris;hip hop, pop, Dance/Electronic;Ab
Underneath It All;No Doubt;rock, pop;E
Underneath Your Clothes;Shakira;pop, latin;Ab
Unfaithful;Rihanna;hip hop, pop, R&B;C
Unforgettable;French Montana;hip hop, pop;F#
Until The End Of Time;2Pac;hip hop;Ab
Untouched;The Veronicas;pop, Dance/Electronic;F#
Unwell;Matchbox Twenty;pop, rock;F#
Unwritten;Natasha Bedingfield;pop;F
Up (feat. Demi Lovato);Olly Murs;pop, Dance/Electronic;A
Uprising;Muse;rock;D
Uptown Funk (feat. Bruno Mars);Mark Ronson;pop;C
Vaina Loca;Ozuna;latin;F#
Valerie (feat. Amy Winehouse) - Version Revisited;Mark Ronson;pop;C#
Vertigo;U2;World/Traditional, rock;A
Violet Hill;Coldplay;rock, pop;C#
Viva La Vida;Coldplay;rock, pop;F
Vossi Bop;Stormzy;hip hop, Dance/Electronic;Ab
Wait (The Whisper Song);Ying Yang Twins;hip hop, pop;G
Wait a Minute!;WILLOW;pop, R&B, Dance/Electronic;Eb
Wait for You;Elliott Yamin;set();C
Waiting All Night (feat. Ella Eyre);Rudimental;pop, Dance/Electronic;F#
Waiting For Love;Avicii;pop, Dance/Electronic;F#
Wake Me Up;Avicii;pop, Dance/Electronic;D
Waking Up In Vegas;Katy Perry;pop;F
Walk It Out;Unk;hip hop, pop;C#
Walk It Talk It;Migos;hip hop, pop;D
Walking On A Dream;Empire of the Sun;rock, pop, Dance/Electronic;F
Wanksta - From "8 Mile" Soundtrack;50 Cent;hip hop, pop;C#
Wanna Get To Know You;G-Unit;hip hop, pop;Bb
Want U Back;Cher Lloyd;pop, Dance/Electronic;A
Wasted;Tiësto;pop, Dance/Electronic;D
Wasting My Time;Default;rock, pop, metal;D
Watch Me (Whip / Nae Nae);Silentó;hip hop;Ab
Waves - Robin Schulz Radio Edit;Mr. Probz;hip hop, Dance/Electronic;F
Wavin' Flag;K'NAAN;set();C
Way down We Go;KALEO;rock, classical;Bb
We Are Young (feat. Janelle Monáe);fun.;rock, pop;Bb
We Be Burnin';Sean Paul;hip hop, pop;C#
We Belong Together;Mariah Carey;pop, R&B;C
We Can't Stop;Miley Cyrus;pop;C#
We Come 1 - Radio Edit;Faithless;pop, Dance/Electronic;F
We Don't Talk Anymore (feat. Selena Gomez);Charlie Puth;pop;C#
We Fly High;Jim Jones;hip hop, pop;C#
We Found Love;Rihanna;hip hop, pop, R&B;C#
We Found Love;Rihanna;hip hop, pop, R&B;C#
We Made You;Eminem;hip hop;D
We No Speak Americano (JT Radio Edit);Yolanda Be Cool;Dance/Electronic;F#
We Own It (Fast & Furious);2 Chainz;hip hop, pop;C#
We R Who We R;Kesha;pop, Dance/Electronic;Ab
We'll Be Coming Back (feat. Example);Calvin Harris;hip hop, pop, Dance/Electronic;G
Weak;AJR;rock;F
Wearing My Rolex - Radio Edit;Wiley;hip hop, Dance/Electronic;C#
Welcome to the Black Parade;My Chemical Romance;rock;D
What About Us;The Saturdays;pop, Dance/Electronic;G
What About Us?;Brandy;hip hop, pop, R&B;F
What Do You Mean?;Justin Bieber;pop;F
What Goes Around.../...Comes Around (Interlude);Justin Timberlake;pop;G
What Hurts The Most;Rascal Flatts;country;F
What I've Done;Linkin Park;rock, metal;F
What Makes You Beautiful;One Direction;pop;E
What Took You So Long?;Emma Bunton;pop;A
What You Got;Colby O'Donis;hip hop, pop, R&B;C#
What You Know;Two Door Cinema Club;World/Traditional, rock, pop;F#
What You Know;T.I.;hip hop, pop;B
What You Waiting For?;Gwen Stefani;pop, R&B;F
What the Hell;Avril Lavigne;pop;F#
What'chu Like (feat. Tyrese);Da Brat;hip hop, pop, R&B;Bb
What's It Gonna Be (feat. Platnum);H "two" O;Dance/Electronic;A
What's Left Of Me;Nick Lachey;pop;G
What's Luv? (feat. Ja-Rule & Ashanti);Fat Joe;hip hop, pop;Ab
What's My Name?;Rihanna;hip hop, pop, R&B;D
What's My Name?;Rihanna;hip hop, pop, R&B;D
Whataya Want from Me;Adam Lambert;pop;B
Whatcha Say;Jason Derulo;hip hop, pop;B
Whatcha Say;Jason Derulo;hip hop, pop;B
Whatever It Takes;Imagine Dragons;rock;Bb
Whatever You Like;T.I.;hip hop, pop;A
Whatever You Like;T.I.;hip hop, pop;A
When I Grow Up;The Pussycat Dolls;pop, R&B;B
When I Was Your Man;Bruno Mars;pop;C
When I'm Gone;Eminem;hip hop;Bb
When I'm Gone;3 Doors Down;pop, rock, metal;G
When Love Takes Over (feat. Kelly Rowland);David Guetta;hip hop, pop, Dance/Electronic;B
When The Sun Goes Down;Arctic Monkeys;rock;B
When We Collide;Matt Cardle;pop;D
When We Stand Together;Nickelback;rock, metal;Bb
When You Look At Me - Radio Edit;Christina Milian;hip hop, pop, R&B;Eb
When You're Gone;Avril Lavigne;pop;E
Whenever, Wherever;Shakira;pop, latin;C#
Where Are Ü Now (with Justin Bieber);Jack Ü;pop, Dance/Electronic;E
Where Have You Been;Rihanna;hip hop, pop, R&B;C
Where I Wanna Be;Donell Jones;pop, R&B;F
Where Is The Love?;Black Eyed Peas;hip hop, pop;F
Where Them Girls At (feat. Nicki Minaj & Flo Rida);David Guetta;hip hop, pop, Dance/Electronic;Eb
Where the Party At (feat. Nelly);Jagged Edge;hip hop, pop, R&B;F
Where'd You Go (feat. Holly Brook & Jonah Matranga);Fort Minor;hip hop, pop, rock;C#
Wherever I Go;OneRepublic;pop;Bb
Wherever You Will Go;Charlene Soraia;pop;A
Wherever You Will Go;The Calling;pop;D
Whistle;Flo Rida;hip hop, pop;C
White Flag;Dido;pop;F
White Flag;Dido;pop;F
White Noise;Disclosure;pop, Dance/Electronic;Bb
Who Knew;P!nk;pop;A
Who Let The Dogs Out;Baha Men;R&B;C
Who Says;Selena Gomez & The Scene;pop, Dance/Electronic;E
Who's That Chick? (feat. Rihanna);David Guetta;hip hop, pop, Dance/Electronic;B
Whole Again;Atomic Kitten;pop;E
Why'd You Only Call Me When You're High?;Arctic Monkeys;rock;D
Wide Awake;Katy Perry;pop;F
Wifey;Next;hip hop, pop, R&B;G
Wiggle (feat. Snoop Dogg);Jason Derulo;hip hop, pop;A
Wild Ones (feat. Sia);Flo Rida;hip hop, pop;F
Wild Thoughts (feat. Rihanna & Bryson Tiller);DJ Khaled;hip hop, pop;C
Wildest Dreams;Taylor Swift;pop;Ab
Wings;Little Mix;pop;G
Wings;Birdy;pop;G
Wish You Well;Sigala;pop, Dance/Electronic;F
Wish You Were Mine - Radio Edit;Philip George;pop, Dance/Electronic;G
With Arms Wide Open;Creed;pop, rock, metal;C
With Every Heartbeat;Robyn;pop, Dance/Electronic;E
With You;Jessica Simpson;pop, R&B;C
With You;Chris Brown;hip hop, pop, R&B;Eb
Without Me;Eminem;hip hop;G
Without Me;Halsey;pop, Dance/Electronic;F#
Without You (feat. Sandro Cavazza);Avicii;pop, Dance/Electronic;D
Without You (feat. Usher);David Guetta;hip hop, pop, Dance/Electronic;D
Wolves;Selena Gomez;pop;B
Womanizer;Britney Spears;pop;B
Wonderful World;James Morrison;pop, R&B;C#
Work;Rihanna;hip hop, pop, R&B;B
Work;Kelly Rowland;hip hop, pop, R&B;Bb
Work B**ch;Britney Spears;pop;A
Work Hard, Play Hard;Wiz Khalifa;hip hop, pop;B
Work It;Missy Elliott;hip hop, pop, R&B;C#
Work It;Missy Elliott;hip hop, pop, R&B;C#
Work from Home (feat. Ty Dolla $ign);Fifth Harmony;pop;Ab
Worth It (feat. Kid Ink);Fifth Harmony;pop;Ab
Wow;Kylie Minogue;pop, Dance/Electronic;A
Wow.;Post Malone;hip hop;B
Wrapped Up (feat. Travie McCoy);Olly Murs;pop, Dance/Electronic;C#
Wrecking Ball;Miley Cyrus;pop;F
Writing's On The Wall - From "Spectre" Soundtrack;Sam Smith;pop;F
Written in the Stars (feat. Eric Turner);Tinie Tempah;hip hop, pop, Dance/Electronic;G
X;Nicky Jam;latin;A
X Gon' Give It To Ya;DMX;hip hop, pop;Bb
XO Tour Llif3;Lil Uzi Vert;hip hop;B
Yeah 3x;Chris Brown;hip hop, pop, R&B;B
Yeah! (feat. Lil Jon & Ludacris);Usher;hip hop, pop, R&B;D
Years - ラジオ・エディット;Alesso;pop, Dance/Electronic;D
Yes Indeed;Lil Baby;hip hop;F
Yo (Excuse Me Miss);Chris Brown;hip hop, pop, R&B;E
You;Lloyd;hip hop, pop, R&B;F
You Belong With Me;Taylor Swift;pop;F#
You Don't Know Me - Radio Edit;Jax Jones;hip hop, pop, Dance/Electronic;B
You Don't Know My Name;Alicia Keys;pop, R&B;A
You Don't Own Me (feat. G-Eazy);SAYGRACE;pop, R&B;G
You Don't Own Me (feat. G-Eazy);SAYGRACE;pop, R&B;G
You Found Me;The Fray;pop;Ab
You Give Me Something;James Morrison;pop, R&B;G
You Know I'm No Good;Amy Winehouse;R&B;A
You Know You Like It;DJ Snake;hip hop, pop, Dance/Electronic;F
You Know You Like It;DJ Snake;hip hop, pop, Dance/Electronic;F
You Make Me Feel... (feat. Sabi);Cobra Starship;pop, Dance/Electronic;G
You Raise Me Up;Westlife;pop;Bb
You Rock My World;Michael Jackson;pop, R&B;E
You Sang To Me;Marc Anthony;pop, latin;Bb
You're All I Have;Snow Patrol;World/Traditional, rock, pop;D
You're Beautiful;James Blunt;pop;C
You're Gonna Go Far, Kid;The Offspring;rock, pop, metal;C
Young Forever;JAY-Z;hip hop;A
Young, Wild & Free (feat. Bruno Mars);Snoop Dogg;hip hop, pop;C
Youngblood;5 Seconds of Summer;pop;G
Your Body;Pretty Ricky;hip hop, pop, R&B;E
Your Love Alone Is Not Enough (feat. Nina Persson);Manic Street Preachers;rock, pop;D
Your Love Is My Drug;Kesha;pop, Dance/Electronic;C#
Youth of the Nation;P.O.D.;rock, metal;Ab
ZEZE (feat. Travis Scott & Offset);Kodak Black;hip hop;Ab
a lot;21 Savage;hip hop;C#
bad guy;Billie Eilish;pop, Dance/Electronic;G
boyfriend (with Social House);Ariana Grande;pop;Bb
break up with your girlfriend, i'm bored;Ariana Grande;pop;F
bury a friend;Billie Eilish;pop, Dance/Electronic;Ab
changes;XXXTENTACION;hip hop;B
do re mi;blackbear;hip hop, pop, Dance/Electronic;Ab
emotions;iann dior;hip hop, pop;A
gone girl;iann dior;hip hop, pop;B
goosebumps;Travis Scott;hip hop, Dance/Electronic;G
human;Christina Perri;pop;Ab
i hate u, i love u (feat. olivia o'brien);Garrett Nash;hip hop, pop;F#
i'm so tired...;Lauv;pop, Dance/Electronic;B
lovely (with Khalid);Billie Eilish;pop, Dance/Electronic;E
lovely (with Khalid);Billie Eilish;pop, Dance/Electronic;E
m.A.A.d city;Kendrick Lamar;hip hop;D
no tears left to cry;Ariana Grande;pop;A
oui;Jeremih;hip hop, pop, R&B;F
rockstar (feat. 21 Savage);Post Malone;hip hop;F
Circles;Post Malone;hip hop;C
12/03/2026
